"sample","lat","lon","date_slice",corine_land_cover,dominant_leaf_type,dominant_leaf_type_2012,dominant_leaf_type_2015,eu_demography_2018
AT_Kar_See_1_2014-08-17,46.8136889,13.50794792,2014-08-17T00:00:00Z,112,{0},0,NOT COVERED,NOT COVERED
AT_Kar_See_1_2016-08-01,46.8136889,13.50794792,2016-08-01T00:00:00Z,112,{1},NOT COVERED,1,NOT COVERED
AT_Nie_Mau_1_2014-07-20,48.375,15.56,2014-07-20T00:00:00Z,243,{0},0,NOT COVERED,NOT COVERED
AT_Nie_Mau_1_2014-10-19,48.375,15.56,2014-10-19T00:00:00Z,243,{0},0,NOT COVERED,NOT COVERED
AT_Nie_Mau_1_2015-07-20,48.375,15.56,2015-07-20T00:00:00Z,243,{0},NOT COVERED,0,NOT COVERED
AT_Nie_Mau_1_2015-10-19,48.375,15.56,2015-10-19T00:00:00Z,243,{0},NOT COVERED,0,NOT COVERED
AT_Wie_Gro_1_2012-08-03,48.2,16.37,2012-08-03T00:00:00Z,111,{0},0,NOT COVERED,NOT COVERED
AT_Wie_Gro_1_2012-10-20,48.2,16.37,2012-10-20T00:00:00Z,111,{0},0,NOT COVERED,NOT COVERED
BR_Rio_San_1_2020-01-06,-29.678333,-53.69,2020-01-06T00:00:00Z,NOT COVERED,NOT COVERED,NOT COVERED,NOT COVERED,NOT COVERED
BR_Sao_USP_1_2019-09-15,-23.994722,-46.2525,2019-09-15T00:00:00Z,NOT COVERED,NOT COVERED,NOT COVERED,NOT COVERED,NOT COVERED
BY_Bre_Bre_1_2015-09-11,52.142193,23.662434,2015-09-11T00:00:00Z,-32768,{255},NOT COVERED,255,NOT COVERED
CA_New_StJ_0_2013-10-15,45.25,-66.07,2013-10-15T00:00:00Z,NOT COVERED,NOT COVERED,NOT COVERED,NOT COVERED,NOT COVERED
CA_New_StJ_10_2013-10-15,45.25,-66.07,2013-10-15T00:00:00Z,NOT COVERED,NOT COVERED,NOT COVERED,NOT COVERED,NOT COVERED
CA_New_StJ_1_2013-10-15,45.25,-66.07,2013-10-15T00:00:00Z,NOT COVERED,NOT COVERED,NOT COVERED,NOT COVERED,NOT COVERED
CA_New_StJ_2_2013-10-15,45.25,-66.07,2013-10-15T00:00:00Z,NOT COVERED,NOT COVERED,NOT COVERED,NOT COVERED,NOT COVERED
CA_New_StJ_3_2013-10-15,45.25,-66.07,2013-10-15T00:00:00Z,NOT COVERED,NOT COVERED,NOT COVERED,NOT COVERED,NOT COVERED
CA_New_StJ_4_2013-10-15,45.25,-66.07,2013-10-15T00:00:00Z,NOT COVERED,NOT COVERED,NOT COVERED,NOT COVERED,NOT COVERED
CA_New_StJ_5_2013-10-15,45.25,-66.07,2013-10-15T00:00:00Z,NOT COVERED,NOT COVERED,NOT COVERED,NOT COVERED,NOT COVERED
CA_New_StJ_6_2013-10-15,45.25,-66.07,2013-10-15T00:00:00Z,NOT COVERED,NOT COVERED,NOT COVERED,NOT COVERED,NOT COVERED
CA_New_StJ_7_2013-10-15,45.25,-66.07,2013-10-15T00:00:00Z,NOT COVERED,NOT COVERED,NOT COVERED,NOT COVERED,NOT COVERED
CA_New_StJ_8_2013-10-15,45.25,-66.07,2013-10-15T00:00:00Z,NOT COVERED,NOT COVERED,NOT COVERED,NOT COVERED,NOT COVERED
CA_New_StJ_9_2013-10-15,45.25,-66.07,2013-10-15T00:00:00Z,NOT COVERED,NOT COVERED,NOT COVERED,NOT COVERED,NOT COVERED
CA_Nov_Gas_0_2013-10-15,45.08,-64.37,2013-10-15T00:00:00Z,NOT COVERED,NOT COVERED,NOT COVERED,NOT COVERED,NOT COVERED
CA_Nov_Gas_10_2013-10-15,45.08,-64.37,2013-10-15T00:00:00Z,NOT COVERED,NOT COVERED,NOT COVERED,NOT COVERED,NOT COVERED
CA_Nov_Gas_1_2013-10-15,45.08,-64.37,2013-10-15T00:00:00Z,NOT COVERED,NOT COVERED,NOT COVERED,NOT COVERED,NOT COVERED
CA_Nov_Gas_2_2013-10-15,45.08,-64.37,2013-10-15T00:00:00Z,NOT COVERED,NOT COVERED,NOT COVERED,NOT COVERED,NOT COVERED
CA_Nov_Gas_3_2013-10-15,45.08,-64.37,2013-10-15T00:00:00Z,NOT COVERED,NOT COVERED,NOT COVERED,NOT COVERED,NOT COVERED
CA_Nov_Gas_4_2013-10-15,45.08,-64.37,2013-10-15T00:00:00Z,NOT COVERED,NOT COVERED,NOT COVERED,NOT COVERED,NOT COVERED
CA_Nov_Gas_5_2013-10-15,45.08,-64.37,2013-10-15T00:00:00Z,NOT COVERED,NOT COVERED,NOT COVERED,NOT COVERED,NOT COVERED
CA_Nov_Gas_6_2013-10-15,45.08,-64.37,2013-10-15T00:00:00Z,NOT COVERED,NOT COVERED,NOT COVERED,NOT COVERED,NOT COVERED
CA_Nov_Gas_7_2013-10-15,45.08,-64.37,2013-10-15T00:00:00Z,NOT COVERED,NOT COVERED,NOT COVERED,NOT COVERED,NOT COVERED
CA_Nov_Gas_8_2013-10-15,45.08,-64.37,2013-10-15T00:00:00Z,NOT COVERED,NOT COVERED,NOT COVERED,NOT COVERED,NOT COVERED
CA_Nov_Gas_9_2013-10-15,45.08,-64.37,2013-10-15T00:00:00Z,NOT COVERED,NOT COVERED,NOT COVERED,NOT COVERED,NOT COVERED
CA_Ont_Sud_1_2015-08-03,46.53,-80.96,2015-08-03T00:00:00Z,NOT COVERED,NOT COVERED,NOT COVERED,NOT COVERED,NOT COVERED
CA_Ont_Sud_1_2015-09-30,46.53,-80.96,2015-09-30T00:00:00Z,NOT COVERED,NOT COVERED,NOT COVERED,NOT COVERED,NOT COVERED
CH_Fri_Ors_1_2020-08-23,46.71061,6.98713,2020-08-23T00:00:00Z,211,NOT COVERED,NOT COVERED,NOT COVERED,43
CH_Vau_Cha_1_2014-07-24,46.5670416,6.701867,2014-07-24T00:00:00Z,231,{0},0,NOT COVERED,NOT COVERED
CH_Vau_Cha_1_2014-10-05,46.5670416,6.701867,2014-10-05T00:00:00Z,231,{0},0,NOT COVERED,NOT COVERED
CH_Vau_Cha_1_2015-08-01,46.5670416,6.701867,2015-08-01T00:00:00Z,231,{0},NOT COVERED,0,NOT COVERED
CH_Vau_Cha_1_2016-08-15,46.5670416,6.701867,2016-08-15T00:00:00Z,231,{0},NOT COVERED,0,NOT COVERED
CH_Vau_Vul_1_2018-09-18,46.93947,7.05332,2018-09-18T00:00:00Z,211,NOT COVERED,NOT COVERED,NOT COVERED,43
CH_Vau_Vul_1_2019-07-17,46.93947,7.05332,2019-07-17T00:00:00Z,211,NOT COVERED,NOT COVERED,NOT COVERED,43
CH_Vau_Vul_1_2019-09-24,46.93947,7.05332,2019-09-24T00:00:00Z,211,NOT COVERED,NOT COVERED,NOT COVERED,43
CH_Vau_Vul_1_2020-07-29,46.93947,7.05332,2020-07-29T00:00:00Z,211,NOT COVERED,NOT COVERED,NOT COVERED,43
CH_Vau_Vul_1_2020-09-15,46.93947,7.05332,2020-09-15T00:00:00Z,211,NOT COVERED,NOT COVERED,NOT COVERED,43
CM_Nor_Oku_1_2004-04-15,6.25,10.43,2004-04-15T00:00:00Z,NOT COVERED,NOT COVERED,NOT COVERED,NOT COVERED,NOT COVERED
CO_Cun_LaV_1_2019-02-21,4.995972,-74.364194,2019-02-21T00:00:00Z,NOT COVERED,NOT COVERED,NOT COVERED,NOT COVERED,NOT COVERED
CO_Cun_Tab_1_2019-12-20,4.967111,-74.083889,2019-12-20T00:00:00Z,NOT COVERED,NOT COVERED,NOT COVERED,NOT COVERED,NOT COVERED
CO_Mag_Sie_1_2019-07-24,11.143611,-74.117778,2019-07-24T00:00:00Z,NOT COVERED,NOT COVERED,NOT COVERED,NOT COVERED,NOT COVERED
CO_Tol_Gir_1_2019-04-04,4.489722,-75.311667,2019-04-04T00:00:00Z,NOT COVERED,NOT COVERED,NOT COVERED,NOT COVERED,NOT COVERED
CO_Tol_Mel_1_2019-06-11,4.203889,-74.642778,2019-06-11T00:00:00Z,NOT COVERED,NOT COVERED,NOT COVERED,NOT COVERED,NOT COVERED
CY_Nic_Nic_1_2014-08-10,35.066461,33.322646,2014-08-10T00:00:00Z,112,{0},0,NOT COVERED,NOT COVERED
DE_Bad_Bro_1_2014-06-26,48.218024,7.819513,2014-06-26T00:00:00Z,211,{0},0,NOT COVERED,NOT COVERED
DE_Bad_Bro_1_2014-10-15,48.218024,7.819513,2014-10-15T00:00:00Z,211,{0},0,NOT COVERED,NOT COVERED
DE_Bad_Bro_1_2015-06-30,48.218,7.82,2015-06-30T00:00:00Z,211,{0},NOT COVERED,0,NOT COVERED
DE_Bad_Bro_1_2015-10-25,48.218,7.82,2015-10-25T00:00:00Z,211,{0},NOT COVERED,0,NOT COVERED
DE_Bad_Bro_1_2016-07-24,48.218024,7.819513,2016-07-24T00:00:00Z,211,{0},NOT COVERED,0,NOT COVERED
DE_Bad_Bro_1_2016-10-23,48.218024,7.819513,2016-10-23T00:00:00Z,211,{0},NOT COVERED,0,NOT COVERED
DE_Bad_Bro_1_2017-06-27,48.217898,7.819194,2017-06-27T00:00:00Z,221,{0},NOT COVERED,0,NOT COVERED
DE_Bad_Bro_1_2018-06-26,48.217898,7.819194,2018-06-26T00:00:00Z,221,NOT COVERED,NOT COVERED,NOT COVERED,550
DE_Bad_Bro_1_2019-07-03,48.217898,7.819194,2019-07-03T00:00:00Z,221,NOT COVERED,NOT COVERED,NOT COVERED,550
DE_Bad_Bro_1_2020-07-16,48.217898,7.819194,2020-07-16T00:00:00Z,221,NOT COVERED,NOT COVERED,NOT COVERED,550
DE_Bad_Bro_1_2020-10-24,48.217898,7.819194,2020-10-24T00:00:00Z,221,NOT COVERED,NOT COVERED,NOT COVERED,550
DE_Bad_Bro_1_2021-07-21,48.217898,7.819194,2021-07-21T00:00:00Z,221,NOT COVERED,NOT COVERED,NOT COVERED,NOT COVERED
DE_Bad_Bro_1_2021-10-20,48.217898,7.819194,2021-10-20T00:00:00Z,221,NOT COVERED,NOT COVERED,NOT COVERED,NOT COVERED
DE_Bad_Wal_1_2019-10-02,47.622135,8.217058,2019-10-02T00:00:00Z,121,NOT COVERED,NOT COVERED,NOT COVERED,918
DE_Bad_Wal_1_2020-10-02,47.622135,8.217058,2020-10-02T00:00:00Z,121,NOT COVERED,NOT COVERED,NOT COVERED,918
DE_Bay_Mun_1_2014-06-19,48.18,11.61,2014-06-19T00:00:00Z,112,{1},1,NOT COVERED,NOT COVERED
DE_Bay_Mun_1_2014-09-03,48.18,11.61,2014-09-03T00:00:00Z,112,{1},1,NOT COVERED,NOT COVERED
DE_Bay_Mun_1_2015-06-01,48.18,11.61,2015-06-01T00:00:00Z,112,{0},NOT COVERED,0,NOT COVERED
DE_Bay_Mun_1_2015-09-01,48.18,11.61,2015-09-01T00:00:00Z,112,{0},NOT COVERED,0,NOT COVERED
DE_Bay_Mun_1_2016-06-25,48.18,11.61,2016-06-25T00:00:00Z,112,{0},NOT COVERED,0,NOT COVERED
DE_Bay_Mun_1_2016-09-01,48.18,11.61,2016-09-01T00:00:00Z,112,{0},NOT COVERED,0,NOT COVERED
DE_Bay_Mun_1_2017-06-20,48.18,11.61,2017-06-20T00:00:00Z,112,{0},NOT COVERED,0,NOT COVERED
DE_Bay_Mun_1_2017-09-03,48.18,11.61,2017-09-03T00:00:00Z,112,{0},NOT COVERED,0,NOT COVERED
DE_Bay_Mun_1_2018-06-25,48.18,11.61,2018-06-25T00:00:00Z,112,NOT COVERED,NOT COVERED,NOT COVERED,5424
DE_Bay_Mun_1_2018-09-09,48.18,11.61,2018-09-09T00:00:00Z,112,NOT COVERED,NOT COVERED,NOT COVERED,5424
DE_Bay_Mun_1_2019-06-22,48.18,11.61,2019-06-22T00:00:00Z,112,NOT COVERED,NOT COVERED,NOT COVERED,5424
DE_Bay_Mun_1_2019-09-02,48.18,11.61,2019-09-02T00:00:00Z,112,NOT COVERED,NOT COVERED,NOT COVERED,5424
DE_Bay_Mun_1_2020-06-25,48.18,11.61,2020-06-25T00:00:00Z,112,NOT COVERED,NOT COVERED,NOT COVERED,5424
DE_Bay_Mun_1_2020-09-05,48.18,11.61,2020-09-05T00:00:00Z,112,NOT COVERED,NOT COVERED,NOT COVERED,5424
DE_Bay_Mun_1_2021-06-25,48.18,11.61,2021-06-25T00:00:00Z,112,NOT COVERED,NOT COVERED,NOT COVERED,NOT COVERED
DE_Bay_Mun_1_2021-09-04,48.18,11.61,2021-09-04T00:00:00Z,112,NOT COVERED,NOT COVERED,NOT COVERED,NOT COVERED
DE_Bay_Wue_1_2020-07-18,49.780082,9.974293,2020-07-18T00:00:00Z,121,NOT COVERED,NOT COVERED,NOT COVERED,1904
DE_Bay_Wue_1_2020-09-23,49.778659,9.975929,2020-09-23T00:00:00Z,211,NOT COVERED,NOT COVERED,NOT COVERED,1025
DE_Bay_Wue_1_2021-07-27,49.778659,9.975929,2021-07-27T00:00:00Z,211,NOT COVERED,NOT COVERED,NOT COVERED,NOT COVERED
DE_Bay_Wue_1_2021-10-18,49.780082,9.974293,2021-10-18T00:00:00Z,121,NOT COVERED,NOT COVERED,NOT COVERED,NOT COVERED
DE_Bra_Ber_1_2021-07-24,52.69907,13.07596,2021-07-24T00:00:00Z,211,NOT COVERED,NOT COVERED,NOT COVERED,NOT COVERED
DE_Bra_Ber_2_2021-07-24,52.38012,12.86791,2021-07-24T00:00:00Z,222,NOT COVERED,NOT COVERED,NOT COVERED,NOT COVERED
DK_Mid_Kar_1_2014-09-01,55.945128,10.212586,2014-09-01T00:00:00Z,211,{0},0,NOT COVERED,NOT COVERED
DK_Mid_Kar_1_2014-11-25,55.945128,10.212586,2014-11-25T00:00:00Z,211,{0},0,NOT COVERED,NOT COVERED
DK_Mid_Kar_1_2016-06-08,55.945128,10.212586,2016-06-08T00:00:00Z,211,{0},NOT COVERED,0,NOT COVERED
DK_Mid_Kar_1_2016-09-15,55.945128,10.212586,2016-09-15T00:00:00Z,211,{0},NOT COVERED,0,NOT COVERED
DK_Mid_Kar_1_2016-11-22,55.945128,10.212586,2016-11-22T00:00:00Z,211,{0},NOT COVERED,0,NOT COVERED
DK_Mid_Kar_1_2017-08-08,55.945128,10.212586,2017-08-08T00:00:00Z,211,{0},NOT COVERED,0,NOT COVERED
DK_Mid_Kar_1_2018-06-30,55.945128,10.212586,2018-06-30T00:00:00Z,211,NOT COVERED,NOT COVERED,NOT COVERED,23
DK_Mid_Kar_1_2018-10-05,55.945128,10.212586,2018-10-05T00:00:00Z,211,NOT COVERED,NOT COVERED,NOT COVERED,23
DK_Mid_Kar_1_2019-07-09,55.945128,10.212586,2019-07-09T00:00:00Z,211,NOT COVERED,NOT COVERED,NOT COVERED,23
DK_Mid_Kar_1_2019-10-01,55.945128,10.212586,2019-10-01T00:00:00Z,211,NOT COVERED,NOT COVERED,NOT COVERED,23
DK_Mid_Kar_1_2020-07-31,55.945128,10.212586,2020-07-31T00:00:00Z,211,NOT COVERED,NOT COVERED,NOT COVERED,23
DK_Mid_Kar_1_2020-10-31,55.945128,10.212586,2020-10-31T00:00:00Z,211,NOT COVERED,NOT COVERED,NOT COVERED,23
EC_Pic_Con_1_2019-06-26,-0.288806,-78.494472,2019-06-26T00:00:00Z,NOT COVERED,NOT COVERED,NOT COVERED,NOT COVERED,NOT COVERED
EG_Al_Cai_1_2011-01-16,30.1,31.32,2011-01-16T00:00:00Z,-32768,NOT COVERED,NOT COVERED,NOT COVERED,NOT COVERED
ES_Ciu_Tom_1_2021-10-07,39.1689,-2.9849,2021-10-07T00:00:00Z,211,NOT COVERED,NOT COVERED,NOT COVERED,NOT COVERED
ES_Bar_Bar_1_2012-07-13,41.38,2.17,2012-07-13T00:00:00Z,111,{0},0,NOT COVERED,NOT COVERED
ES_Bar_Bar_1_2012-10-16,41.38,2.17,2012-10-16T00:00:00Z,111,{0},0,NOT COVERED,NOT COVERED
ES_Ciu_Man_1_2020-08-10,38.9707208053836,-3.4072120460269,2020-08-10T00:00:00Z,211,NOT COVERED,NOT COVERED,NOT COVERED,65535
ES_Ciu_Tom_1_2015-09-17,39.15805,-3.021,2015-09-17T00:00:00Z,111,{0},NOT COVERED,0,NOT COVERED
ES_Ciu_Tom_1_2015-10-08,39.15805,-3.021,2015-10-08T00:00:00Z,111,{0},NOT COVERED,0,NOT COVERED
ES_Ciu_Tom_1_2016-09-02,39.152529,-3.0616048,2016-09-02T00:00:00Z,221,{0},NOT COVERED,0,NOT COVERED
ES_Ciu_Tom_1_2016-10-11,39.152529,-3.0616048,2016-10-11T00:00:00Z,221,{0},NOT COVERED,0,NOT COVERED
ES_Ciu_Tom_1_2017-10-04,39.1567614,-3.0497293,2017-10-04T00:00:00Z,211,{0},NOT COVERED,0,NOT COVERED
ES_Ciu_Tom_1_2018-10-03,39.17,-2.97,2018-10-03T00:00:00Z,221,NOT COVERED,NOT COVERED,NOT COVERED,65535
ES_Ciu_Tom_1_2020-09-30,39.1567614,-3.0497293,2020-09-30T00:00:00Z,211,NOT COVERED,NOT COVERED,NOT COVERED,65535
ES_Gra_Ben_1_2016-10-08,37.353733,-3.167179,2016-10-08T00:00:00Z,222,{1},NOT COVERED,1,NOT COVERED
ES_Gra_Ben_1_2017-10-05,37.363279,-3.168799,2017-10-05T00:00:00Z,242,{1},NOT COVERED,1,NOT COVERED
ES_Gra_Cor_1_2015-08-08,37.661547,-2.79631,2015-08-08T00:00:00Z,242,{1},NOT COVERED,1,NOT COVERED
ES_Gra_Cor_1_2017-07-28,37.6617732605881,-2.79623534604702,2017-07-28T00:00:00Z,242,{1},NOT COVERED,1,NOT COVERED
ES_Gra_Gua_1_2015-09-12,37.3308,-3.173416,2015-09-12T00:00:00Z,311,{1},NOT COVERED,1,NOT COVERED
ES_Gra_Pur_1_2016-08-30,37.3377875,-3.1786148,2016-08-30T00:00:00Z,242,{0},NOT COVERED,0,NOT COVERED
ES_Ler_Gim_1_2014-08-13,41.6175899,0.6200146,2014-08-13T00:00:00Z,111,{0},0,NOT COVERED,NOT COVERED
ES_Ler_Gim_1_2014-10-20,41.6175899,0.6200146,2014-10-20T00:00:00Z,111,{0},0,NOT COVERED,NOT COVERED
ES_Ler_Gim_1_2015-06-28,41.656416,0.388472,2015-06-28T00:00:00Z,212,{2},NOT COVERED,2,NOT COVERED
ES_Ler_Gim_1_2015-10-22,41.656416,0.388472,2015-10-22T00:00:00Z,212,{2},NOT COVERED,2,NOT COVERED
ES_Ler_Gim_1_2016-08-25,41.656416,0.388472,2016-08-25T00:00:00Z,212,{2},NOT COVERED,2,NOT COVERED
ES_Ler_Gim_1_2016-10-21,41.656416,0.388472,2016-10-21T00:00:00Z,212,{2},NOT COVERED,2,NOT COVERED
ES_Ler_Gim_1_2017-07-24,41.65,0.38,2017-07-24T00:00:00Z,212,{0},NOT COVERED,0,NOT COVERED
ES_Ler_Gim_1_2017-10-14,41.656416,0.388472,2017-10-14T00:00:00Z,212,{2},NOT COVERED,2,NOT COVERED
ES_Ler_Gim_1_2018-08-25,41.656416,0.388472,2018-08-25T00:00:00Z,212,NOT COVERED,NOT COVERED,NOT COVERED,508
ES_Ler_Gim_1_2018-10-26,41.65,0.38,2018-10-26T00:00:00Z,212,NOT COVERED,NOT COVERED,NOT COVERED,65535
ES_Ler_Gim_1_2019-08-25,41.656416,0.388472,2019-08-25T00:00:00Z,212,NOT COVERED,NOT COVERED,NOT COVERED,508
ES_Ler_Gim_1_2020-10-26,41.656416,0.388472,2020-10-26T00:00:00Z,212,NOT COVERED,NOT COVERED,NOT COVERED,508
ES_Ler_Gim_1_2021-08-31,41.651944,0.388889,2021-08-31T00:00:00Z,121,NOT COVERED,NOT COVERED,NOT COVERED,NOT COVERED
ES_Ler_Pin_1_2018-10-10,41.485,0.522,2018-10-10T00:00:00Z,512,NOT COVERED,NOT COVERED,NOT COVERED,44
ES_Mad_Yep_1_2018-11-06,40.06,-3.53,2018-11-06T00:00:00Z,211,NOT COVERED,NOT COVERED,NOT COVERED,65535
ES_Tol_Vil_1_2018-10-07,39.87,-3.32,2018-10-07T00:00:00Z,242,NOT COVERED,NOT COVERED,NOT COVERED,65535
ES_Zam_Ose_1_2018-09-20,41.53,-5.68,2018-09-20T00:00:00Z,212,NOT COVERED,NOT COVERED,NOT COVERED,7
ET_Amh_Deb_1_2011-12-16,9.68,39.53,2011-12-16T00:00:00Z,NOT COVERED,NOT COVERED,NOT COVERED,NOT COVERED,NOT COVERED
ET_Gam_Gam_1_2011-12-16,8.25,34.59,2011-12-16T00:00:00Z,NOT COVERED,NOT COVERED,NOT COVERED,NOT COVERED,NOT COVERED
ET_Oro_Dod_1_2008-12-16,6.98,39.18,2008-12-16T00:00:00Z,NOT COVERED,NOT COVERED,NOT COVERED,NOT COVERED,NOT COVERED
ET_Oro_Fic_1_2011-12-16,9.81,38.63,2011-12-16T00:00:00Z,NOT COVERED,NOT COVERED,NOT COVERED,NOT COVERED,NOT COVERED
ET_Sou_Bon_1_2011-12-16,7.26,36.25,2011-12-16T00:00:00Z,NOT COVERED,NOT COVERED,NOT COVERED,NOT COVERED,NOT COVERED
FI_Cen_Jyv_1_2019-09-19,62,25,2019-09-19T00:00:00Z,312,NOT COVERED,NOT COVERED,NOT COVERED,2
FI_Cen_Ves_1_2014-07-26,62.55,26.24,2014-07-26T00:00:00Z,312,{2},2,NOT COVERED,NOT COVERED
FI_Cen_Ves_1_2016-07-29,62.55,26.24,2016-07-29T00:00:00Z,312,{2},NOT COVERED,2,NOT COVERED
FI_Pir_Aka_1_2014-07-25,61.1,23.52,2014-07-25T00:00:00Z,312,{0},2,NOT COVERED,NOT COVERED
FI_Pir_Aka_1_2014-08-27,61.1,23.52,2014-08-27T00:00:00Z,312,{0},2,NOT COVERED,NOT COVERED
FI_Pir_Aka_1_2015-07-21,61.1,23.52,2015-07-21T00:00:00Z,312,{2},NOT COVERED,2,NOT COVERED
FI_Pir_Aka_1_2015-10-01,61.1,23.52,2015-10-01T00:00:00Z,312,{2},NOT COVERED,2,NOT COVERED
FI_Pir_Aka_1_2016-07-24,61.1,23.52,2016-07-24T00:00:00Z,312,{2},NOT COVERED,2,NOT COVERED
FI_Pir_Aka_1_2016-09-17,61.1,23.52,2016-09-17T00:00:00Z,312,{2},NOT COVERED,2,NOT COVERED
FI_Pir_Aka_1_2017-07-20,61.1,23.5,2017-07-20T00:00:00Z,312,{1},NOT COVERED,1,NOT COVERED
FI_Pir_Aka_1_2017-09-25,61.1,23.5,2017-09-25T00:00:00Z,312,{1},NOT COVERED,1,NOT COVERED
FI_Pir_Aka_1_2018-07-17,61.1,23.5,2018-07-17T00:00:00Z,312,NOT COVERED,NOT COVERED,NOT COVERED,10
FI_Pir_Aka_1_2018-09-20,61.1,23.5,2018-09-20T00:00:00Z,312,NOT COVERED,NOT COVERED,NOT COVERED,10
FI_Pir_Aka_1_2019-07-19,61.1,23.5,2019-07-19T00:00:00Z,312,NOT COVERED,NOT COVERED,NOT COVERED,10
FI_Pir_Aka_1_2019-08-25,61.1,23.5,2019-08-25T00:00:00Z,312,NOT COVERED,NOT COVERED,NOT COVERED,10
FI_Pir_Aka_1_2020-06-28,61.1,23.5,2020-06-28T00:00:00Z,312,NOT COVERED,NOT COVERED,NOT COVERED,10
FI_Pir_Aka_1_2020-10-04,61.1,23.5,2020-10-04T00:00:00Z,312,NOT COVERED,NOT COVERED,NOT COVERED,10
FI_Pir_Aka_1_2021-07-07,61.1,23.52,2021-07-07T00:00:00Z,312,NOT COVERED,NOT COVERED,NOT COVERED,NOT COVERED
FI_Pir_Aka_1_2021-09-17,61.1,23.52,2021-09-17T00:00:00Z,312,NOT COVERED,NOT COVERED,NOT COVERED,NOT COVERED
FR_Ain_Civ_1_2019-06-15,45.921,4.882,2019-06-15T00:00:00Z,112,NOT COVERED,NOT COVERED,NOT COVERED,352
FR_Ain_Ver_1_2017-09-21,45.9,4.91,2017-09-21T00:00:00Z,231,{1},NOT COVERED,1,NOT COVERED
FR_Cot_Mar_1_2020-08-02,47.42884,5.0776,2020-08-02T00:00:00Z,312,NOT COVERED,NOT COVERED,NOT COVERED,1
FR_Cot_Vie_1_2019-10-19,47.26735,5.45608,2019-10-19T00:00:00Z,231,NOT COVERED,NOT COVERED,NOT COVERED,65535
FR_Cot_Vie_1_2020-08-03,47.26735,5.45608,2020-08-03T00:00:00Z,231,NOT COVERED,NOT COVERED,NOT COVERED,65535
FR_Cot_Vie_1_2021-08-11,47.26624,5.45114,2021-08-11T00:00:00Z,112,NOT COVERED,NOT COVERED,NOT COVERED,NOT COVERED
FR_Dro_Got_1_2014-07-08,44.976813,4.930005,2014-07-08T00:00:00Z,242,{0},0,NOT COVERED,NOT COVERED
FR_Dro_Got_1_2015-05-21,44.977,4.93,2015-05-21T00:00:00Z,242,{0},NOT COVERED,0,NOT COVERED
FR_Dro_Got_1_2015-09-09,44.977,4.93,2015-09-09T00:00:00Z,242,{0},NOT COVERED,0,NOT COVERED
FR_Dro_Got_1_2015-10-13,44.977,4.93,2015-10-13T00:00:00Z,242,{0},NOT COVERED,0,NOT COVERED
FR_Dro_Got_1_2016-06-13,44.976813,4.930005,2016-06-13T00:00:00Z,242,{0},NOT COVERED,0,NOT COVERED
FR_Ess_Vil_1_2014-08-18,48.7543324,2.1584108,2014-08-18T00:00:00Z,242,{0},0,NOT COVERED,NOT COVERED
FR_Ess_Vil_1_2014-10-27,48.7543324,2.1584108,2014-10-27T00:00:00Z,242,{0},0,NOT COVERED,NOT COVERED
FR_Ess_Vil_1_2015-08-10,48.754,2.158,2015-08-10T00:00:00Z,242,{0},NOT COVERED,0,NOT COVERED
FR_Ess_Vil_1_2015-10-14,48.754,2.158,2015-10-14T00:00:00Z,242,{0},NOT COVERED,0,NOT COVERED
FR_Ess_Vil_1_2016-08-12,48.7543324,2.1584108,2016-08-12T00:00:00Z,242,{0},NOT COVERED,0,NOT COVERED
FR_Ess_Vil_1_2017-08-24,48.75,2.158,2017-08-24T00:00:00Z,242,{0},NOT COVERED,0,NOT COVERED
FR_Ess_Vil_1_2017-10-17,48.75,2.158,2017-10-17T00:00:00Z,242,{0},NOT COVERED,0,NOT COVERED
FR_Eur_Sai_1_2018-09-15,48.13,1.34,2018-09-15T00:00:00Z,211,NOT COVERED,NOT COVERED,NOT COVERED,8
FR_Gua_Des_1_2015-12-16,16.32,-61.78,2015-12-16T00:00:00Z,NOT COVERED,NOT COVERED,NOT COVERED,NOT COVERED,NOT COVERED
FR_Gua_Sai_1_2015-12-23,16.25,-61.28,2015-12-23T00:00:00Z,NOT COVERED,NOT COVERED,NOT COVERED,NOT COVERED,NOT COVERED
FR_Hau_Civ_1_2018-06-16,45,4,2018-06-16T00:00:00Z,231,NOT COVERED,NOT COVERED,NOT COVERED,463
FR_Hau_Civ_1_2018-09-15,45,4,2018-09-15T00:00:00Z,231,NOT COVERED,NOT COVERED,NOT COVERED,463
FR_Her_Sai_1_2020-11-12,43.709061,3.848005,2020-11-12T00:00:00Z,211,NOT COVERED,NOT COVERED,NOT COVERED,65535
FR_Her_Sai_1_2021-06-10,43.709061,3.848005,2021-06-10T00:00:00Z,211,NOT COVERED,NOT COVERED,NOT COVERED,NOT COVERED
FR_Ill_Sai_1_2017-07-22,48.13,-1.58,2017-07-22T00:00:00Z,242,{0},NOT COVERED,0,NOT COVERED
FR_Ill_Sai_1_2017-09-16,48.13,-1.58,2017-09-16T00:00:00Z,242,{0},NOT COVERED,0,NOT COVERED
FR_Rho_Lyo_1_2010-07-16,45.77,4.86,2010-07-16T00:00:00Z,112,NOT COVERED,NOT COVERED,NOT COVERED,NOT COVERED
GA_Hau_Fra_1_2002-03-16,-1.65,13.6,2002-03-16T00:00:00Z,NOT COVERED,NOT COVERED,NOT COVERED,NOT COVERED,NOT COVERED
GB_Eas_Sus_1_2021-07-09,51.099768,0.164408,2021-07-09T00:00:00Z,211,NOT COVERED,NOT COVERED,NOT COVERED,NOT COVERED
GB_Eas_Sus_1_2021-09-01,51.099767,0.164407,2021-09-01T00:00:00Z,211,NOT COVERED,NOT COVERED,NOT COVERED,NOT COVERED
GB_Edi_Edi_1_2021-08-29,55.9323,-3.1951,2021-08-29T00:00:00Z,112,NOT COVERED,NOT COVERED,NOT COVERED,NOT COVERED
GB_Edi_Edi_1_2021-10-04,55.9324,-3.1952,2021-10-04T00:00:00Z,112,NOT COVERED,NOT COVERED,NOT COVERED,NOT COVERED
GB_Edi_Sou_1_2014-07-14,55.972871,-3.351475,2014-07-14T00:00:00Z,211,{0},0,NOT COVERED,NOT COVERED
GB_Fif_Dai_1_2015-08-19,56.344534,-2.952766,2015-08-19T00:00:00Z,211,{1},NOT COVERED,0,NOT COVERED
GB_Fif_Dai_1_2016-08-06,56.3447,-2.9525,2016-08-06T00:00:00Z,211,{0},NOT COVERED,0,NOT COVERED
GB_Ken_Ken_1_2019-09-16,51.351161,0.184561,2019-09-16T00:00:00Z,211,NOT COVERED,NOT COVERED,NOT COVERED,65535
GB_Lei_Lut_1_2014-10-20,52.433592,-1.102667,2014-10-20T00:00:00Z,211,{0},0,NOT COVERED,NOT COVERED
GB_Lei_Mar_1_2014-10-20,52.475769,-0.921517,2014-10-20T00:00:00Z,112,{2},2,NOT COVERED,NOT COVERED
GB_Nor_Mar_1_2015-07-07,52.4608,-0.959,2015-07-07T00:00:00Z,231,{0},NOT COVERED,0,NOT COVERED
GB_Nor_Mar_1_2016-10-23,52.46,-0.959,2016-10-23T00:00:00Z,231,{0},NOT COVERED,0,NOT COVERED
GB_Nor_Mar_1_2017-10-10,52.46086111,0.95902778,2017-10-10T00:00:00Z,211,{0},NOT COVERED,0,NOT COVERED
GB_Nor_Mar_2_2017-10-10,52.46086111,0.95902778,2017-10-10T00:00:00Z,211,{0},NOT COVERED,0,NOT COVERED
GB_Nor_Mar_3_2017-10-10,52.46086111,0.95902778,2017-10-10T00:00:00Z,211,{0},NOT COVERED,0,NOT COVERED
GB_Per_Dru_1_2020-09-07,56.32034,-3.78092,2020-09-07T00:00:00Z,211,NOT COVERED,NOT COVERED,NOT COVERED,19
GB_Per_Mut_1_2021-08-05,56.3204,-3.781,2021-08-05T00:00:00Z,211,NOT COVERED,NOT COVERED,NOT COVERED,NOT COVERED
GB_She_She_1_2014-08-25,53.39052,-1.520599,2014-08-25T00:00:00Z,141,{0},0,NOT COVERED,NOT COVERED
GB_She_She_1_2015-10-04,53.391,-1.521,2015-10-04T00:00:00Z,141,{1},NOT COVERED,1,NOT COVERED
GN_Dal_Don_1_2005-06-15,10.7,-12.25,2005-06-15T00:00:00Z,NOT COVERED,NOT COVERED,NOT COVERED,NOT COVERED,NOT COVERED
GR_Kri_Her_1_2020-07-13,35.32188344,25.11104465,2020-07-13T00:00:00Z,112,NOT COVERED,NOT COVERED,NOT COVERED,4020
GR_Kri_Ira_1_2017-11-06,35.223236,25.108428,2017-11-06T00:00:00Z,221,{0},NOT COVERED,0,NOT COVERED
GR_Kri_Ira_1_2018-10-11,35.223236,25.108428,2018-10-11T00:00:00Z,221,NOT COVERED,NOT COVERED,NOT COVERED,8
GR_Kri_Ira_1_2021-10-20,35.32188344,25.11104465,2021-10-20T00:00:00Z,112,NOT COVERED,NOT COVERED,NOT COVERED,NOT COVERED
HR_Dub_Her_1_2019-09-19,42.279,18.334,2019-09-19T00:00:00Z,523,NOT COVERED,NOT COVERED,NOT COVERED,65535
HR_Dub_Kam_1_2017-09-20,42.282,18.322,2017-09-20T00:00:00Z,523,{255},NOT COVERED,255,NOT COVERED
HU_Pes_Pil_1_2018-07-04,47.617361,18.892002,2018-07-04T00:00:00Z,112,NOT COVERED,NOT COVERED,NOT COVERED,2314
HU_Pes_Pil_1_2018-10-30,47.617361,18.892002,2018-10-30T00:00:00Z,112,NOT COVERED,NOT COVERED,NOT COVERED,2314
HU_Pes_Pil_1_2020-08-17,47.617361,18.892002,2020-08-17T00:00:00Z,112,NOT COVERED,NOT COVERED,NOT COVERED,2314
HU_Sze_Sze_1_2016-08-28,46.25,20.13,2016-08-28T00:00:00Z,112,{0},NOT COVERED,0,NOT COVERED
PT_Por_Rec_1_2018-10-18,41.15,-8.41,2018-10-18T00:00:00Z,324,NOT COVERED,NOT COVERED,NOT COVERED,1064
IT_Tre_San_1_2015-09-29,46.212856,11.08755,2015-09-29T00:00:00Z,112,{0},NOT COVERED,0,NOT COVERED
IT_Tre_San_1_2015-10-10,46.217939,11.123423,2015-10-10T00:00:00Z,112,{0},NOT COVERED,0,NOT COVERED
IT_Tre_San_1_2019-10-01,46.191059,11.135751,2019-10-01T00:00:00Z,221,NOT COVERED,NOT COVERED,NOT COVERED,786
IT_Tre_San_1_2021-06-28,46.187389,11.13636,2021-06-28T00:00:00Z,313,NOT COVERED,NOT COVERED,NOT COVERED,NOT COVERED
IT_Tre_San_1_2021-10-01,46.18739,11.13637,2021-10-01T00:00:00Z,313,NOT COVERED,NOT COVERED,NOT COVERED,NOT COVERED
IT_Tre_Tre_1_2016-08-24,46.2,11.13333,2016-08-24T00:00:00Z,221,{0},NOT COVERED,0,NOT COVERED
KE_Cen_Nya_1_2009-01-16,0.04,36.36,2009-01-16T00:00:00Z,NOT COVERED,NOT COVERED,NOT COVERED,NOT COVERED,NOT COVERED
MA_Ori_Ber_1_2017-07-10,34.9562894400356,-2.26568341255188,2017-07-10T00:00:00Z,-32768,{255},NOT COVERED,255,NOT COVERED
MA_Ori_Ber_1_2017-09-15,34.9562894400356,-2.26568341255188,2017-09-15T00:00:00Z,-32768,{255},NOT COVERED,255,NOT COVERED
MA_Ori_Ber_1_2018-07-16,35.0299090769197,-2.4021291626587,2018-07-16T00:00:00Z,-32768,NOT COVERED,NOT COVERED,NOT COVERED,65535
MA_Ori_Ber_1_2019-09-11,35.0299090769197,-2.4021291626587,2019-09-11T00:00:00Z,-32768,NOT COVERED,NOT COVERED,NOT COVERED,65535
MA_Ori_Ber_1_2020-09-21,35.0299088,-2.400933,2020-09-21T00:00:00Z,-32768,NOT COVERED,NOT COVERED,NOT COVERED,65535
MA_Ori_Nad_1_2016-07-21,35.032167,-2.394361,2016-07-21T00:00:00Z,-32768,{255},NOT COVERED,255,NOT COVERED
MA_Ori_Nad_1_2016-10-04,35.032167,-2.394361,2016-10-04T00:00:00Z,-32768,{255},NOT COVERED,255,NOT COVERED
MA_Tan_Lar_1_2021-09-06,35.146733889239,-6.14977144602926,2021-09-06T00:00:00Z,-32768,NOT COVERED,NOT COVERED,NOT COVERED,NOT COVERED
NG_Bor_Mai_1_2004-09-16,11.85,13.16,2004-09-16T00:00:00Z,NOT COVERED,NOT COVERED,NOT COVERED,NOT COVERED,NOT COVERED
NL_Gro_Gro_1_2017-10-11,53.1512,6.3034,2017-10-11T00:00:00Z,231,{0},NOT COVERED,0,NOT COVERED
NL_Gro_Gro_1_2019-10-09,53.1512,6.3034,2019-10-09T00:00:00Z,231,NOT COVERED,NOT COVERED,NOT COVERED,359
NL_Gro_Gro_1_2020-10-15,53.15917,6.30667,2020-10-15T00:00:00Z,231,NOT COVERED,NOT COVERED,NOT COVERED,31
NL_Utr_Hou_1_1998-07-01,52.02,5.1,1998-07-01T00:00:00Z,121,NOT COVERED,NOT COVERED,NOT COVERED,NOT COVERED
PA_Pan_Pan_1_2012-01-16,8.9844,-79.5178,2012-01-16T00:00:00Z,NOT COVERED,NOT COVERED,NOT COVERED,NOT COVERED,NOT COVERED
PL_Lub_Lub_1_2019-09-10,51.2315,22.524833,2019-09-10T00:00:00Z,141,NOT COVERED,NOT COVERED,NOT COVERED,10725
PL_Pom_Gda_1_2016-08-01,54.35,18.64,2016-08-01T00:00:00Z,112,{0},NOT COVERED,0,NOT COVERED
PL_War_Brz_1_2015-09-28,54.27342,19.620169,2015-09-28T00:00:00Z,211,{0},NOT COVERED,0,NOT COVERED
PL_War_Brz_1_2016-08-08,54.27342,19.620169,2016-08-08T00:00:00Z,211,{0},NOT COVERED,0,NOT COVERED
PL_War_Brz_1_2017-08-20,54.2735,19.620167,2017-08-20T00:00:00Z,211,{0},NOT COVERED,0,NOT COVERED
PT_Por_Rec_1_2014-09-26,41.15,-8.41,2014-09-26T00:00:00Z,324,{2},2,NOT COVERED,NOT COVERED
PT_Por_Rec_1_2015-09-01,41.15,-8.41,2015-09-01T00:00:00Z,324,{2},NOT COVERED,2,NOT COVERED
PT_Por_Rec_1_2016-10-01,41.15,-8.41,2016-10-01T00:00:00Z,324,{2},NOT COVERED,2,NOT COVERED
RS_Kol_Sla_1_2021-09-14,44.15,20.18,2021-09-14T00:00:00Z,243,NOT COVERED,NOT COVERED,NOT COVERED,NOT COVERED
RS_Mac_Zaj_1_2020-09-13,44.4455,19.2512,2020-09-13T00:00:00Z,243,NOT COVERED,NOT COVERED,NOT COVERED,543
RS_Pod_Sta_1_2019-09-19,44.59,20.9,2019-09-19T00:00:00Z,222,NOT COVERED,NOT COVERED,NOT COVERED,518
RS_Sre_Sla_1_2016-06-18,45.15,20.18,2016-06-18T00:00:00Z,211,{0},NOT COVERED,0,NOT COVERED
RS_Sre_Sla_1_2016-09-09,45.15,20.18,2016-09-09T00:00:00Z,211,{0},NOT COVERED,0,NOT COVERED
RS_Sre_Sla_1_2017-06-28,45.13,20.25,2017-06-28T00:00:00Z,112,{0},NOT COVERED,0,NOT COVERED
RS_Sre_Sla_1_2017-09-28,45.13,20.25,2017-09-28T00:00:00Z,112,{0},NOT COVERED,0,NOT COVERED
RS_Sre_Sla_1_2019-06-14,45.09,20.18,2019-06-14T00:00:00Z,211,NOT COVERED,NOT COVERED,NOT COVERED,229
RS_Sre_Sta_1_2019-07-21,44.9863,20.1664,2019-07-21T00:00:00Z,112,NOT COVERED,NOT COVERED,NOT COVERED,2047
RS_Sre_Sta_1_2020-07-02,44.9863,20.1667,2020-07-02T00:00:00Z,112,NOT COVERED,NOT COVERED,NOT COVERED,2047
RS_Sre_Sta_1_2020-09-14,44.9863,20.1667,2020-09-14T00:00:00Z,112,NOT COVERED,NOT COVERED,NOT COVERED,2047
RS_Sre_Sta_1_2021-06-22,44.9863,20.1667,2021-06-22T00:00:00Z,112,NOT COVERED,NOT COVERED,NOT COVERED,NOT COVERED
RS_Zaj_Kal_1_2016-06-30,43.4,22.42,2016-06-30T00:00:00Z,242,{1},NOT COVERED,1,NOT COVERED
RS_Zaj_Kal_1_2016-09-13,43.4,22.42,2016-09-13T00:00:00Z,242,{1},NOT COVERED,1,NOT COVERED
RU_Cri_Yal_1_2014-06-20,44.5015,34.16611944,2014-06-20T00:00:00Z,-32768,{255},255,NOT COVERED,NOT COVERED
RU_Cri_Yal_1_2014-08-27,44.5015,34.16611944,2014-08-27T00:00:00Z,-32768,{255},255,NOT COVERED,NOT COVERED
RU_Cri_Yal_1_2015-06-24,44.5015,34.16611944,2015-06-24T00:00:00Z,-32768,{255},NOT COVERED,255,NOT COVERED
RU_Cri_Yal_1_2015-08-24,44.5015,34.16611944,2015-08-24T00:00:00Z,-32768,{255},NOT COVERED,255,NOT COVERED
RU_Cri_Yal_1_2016-08-20,44.5015,34.1661,2016-08-20T00:00:00Z,-32768,{255},NOT COVERED,255,NOT COVERED
RU_Nov_Val_1_2014-08-17,57.9788789,33.243615,2014-08-17T00:00:00Z,-32768,{255},255,NOT COVERED,NOT COVERED
RU_Nov_Val_1_2015-08-23,58.024,33.23528,2015-08-23T00:00:00Z,-32768,{255},NOT COVERED,255,NOT COVERED
RU_Nov_Val_1_2015-10-05,58.024,33.23528,2015-10-05T00:00:00Z,-32768,{255},NOT COVERED,255,NOT COVERED
RU_Nov_Val_1_2016-08-23,58.02444,33.235277,2016-08-23T00:00:00Z,-32768,{255},NOT COVERED,255,NOT COVERED
RU_Nov_Val_1_2016-09-29,58.02444,33.235277,2016-09-29T00:00:00Z,-32768,{255},NOT COVERED,255,NOT COVERED
RU_Nov_Val_1_2016-10-24,58.02444,33.235277,2016-10-24T00:00:00Z,-32768,{255},NOT COVERED,255,NOT COVERED
RU_Nov_Val_1_2017-08-25,58.02444,33.235277,2017-08-25T00:00:00Z,-32768,{255},NOT COVERED,255,NOT COVERED
RU_Nov_Val_1_2017-10-01,58.02444,33.235277,2017-10-01T00:00:00Z,-32768,{255},NOT COVERED,255,NOT COVERED
RU_Nov_Val_1_2018-08-28,58.02444,33.235277,2018-08-28T00:00:00Z,-32768,NOT COVERED,NOT COVERED,NOT COVERED,65535
RU_Tul_Tul_1_2015-09-20,53.99778,38.13167,2015-09-20T00:00:00Z,-32768,{250},NOT COVERED,250,NOT COVERED
RU_Vla_Ale_1_2015-09-15,56.41472,38.71611,2015-09-15T00:00:00Z,-32768,{250},NOT COVERED,250,NOT COVERED
RU_Vla_Ale_1_2016-10-15,56.41472,38.71611,2016-10-15T00:00:00Z,-32768,{250},NOT COVERED,250,NOT COVERED
RU_Vla_Ale_1_2017-08-15,56.41472,38.71611,2017-08-15T00:00:00Z,-32768,{250},NOT COVERED,250,NOT COVERED
RU_Vla_Ale_1_2018-09-09,56.41472,38.71611,2018-09-09T00:00:00Z,-32768,NOT COVERED,NOT COVERED,NOT COVERED,65535
RU_Vla_Ale_1_2018-10-13,56.41472,38.71611,2018-10-13T00:00:00Z,-32768,NOT COVERED,NOT COVERED,NOT COVERED,65535
RW_Wes_Gik_1_2008-12-16,-2.49,28.92,2008-12-16T00:00:00Z,NOT COVERED,NOT COVERED,NOT COVERED,NOT COVERED,NOT COVERED
SE_Ska_Lun_1_2014-07-31,55.694,13.198,2014-07-31T00:00:00Z,112,{0},0,NOT COVERED,NOT COVERED
SE_Ska_Lun_1_2015-08-08,55.694,13.198,2015-08-08T00:00:00Z,112,{0},NOT COVERED,0,NOT COVERED
SE_Ska_Lun_1_2015-08-24,55.694,13.198,2015-08-24T00:00:00Z,112,{0},NOT COVERED,0,NOT COVERED
TR_Ank_Yes_1_2014-08-31,40.231444,32.260328,2014-08-31T00:00:00Z,243,{0},0,NOT COVERED,NOT COVERED
TR_Ank_Yes_1_2014-10-23,40.231444,32.260328,2014-10-23T00:00:00Z,243,{0},0,NOT COVERED,NOT COVERED
TR_Ank_Yes_1_2015-05-01,40.231444,32.260328,2015-05-01T00:00:00Z,243,{0},NOT COVERED,0,NOT COVERED
TR_Ank_Yes_1_2015-06-01,40.231444,32.260328,2015-06-01T00:00:00Z,243,{0},NOT COVERED,0,NOT COVERED
TR_Ank_Yes_1_2015-07-28,40.231444,32.260328,2015-07-28T00:00:00Z,243,{0},NOT COVERED,0,NOT COVERED
TR_Ank_Yes_1_2015-08-27,40.231444,32.260328,2015-08-27T00:00:00Z,243,{0},NOT COVERED,0,NOT COVERED
TR_Ank_Yes_1_2015-09-17,40.231444,32.260328,2015-09-17T00:00:00Z,243,{0},NOT COVERED,0,NOT COVERED
TR_Ank_Yes_1_2015-10-15,40.231444,32.260328,2015-10-15T00:00:00Z,243,{0},NOT COVERED,0,NOT COVERED
TR_Ank_Yes_1_2016-05-26,40.231444,32.260328,2016-05-26T00:00:00Z,243,{0},NOT COVERED,0,NOT COVERED
TR_Ank_Yes_1_2016-06-25,40.231444,32.260328,2016-06-25T00:00:00Z,243,{0},NOT COVERED,0,NOT COVERED
TR_Ank_Yes_1_2016-07-27,40.231444,32.260328,2016-07-27T00:00:00Z,243,{0},NOT COVERED,0,NOT COVERED
TR_Ank_Yes_1_2016-08-24,40.231444,32.260328,2016-08-24T00:00:00Z,243,{0},NOT COVERED,0,NOT COVERED
TR_Ank_Yes_1_2016-09-27,40.231444,32.260328,2016-09-27T00:00:00Z,243,{0},NOT COVERED,0,NOT COVERED
TR_Ank_Yes_1_2016-10-13,40.231444,32.260328,2016-10-13T00:00:00Z,243,{0},NOT COVERED,0,NOT COVERED
TR_Ank_Yes_1_2017-06-07,40.231444,32.260328,2017-06-07T00:00:00Z,243,{0},NOT COVERED,0,NOT COVERED
TR_Ank_Yes_1_2017-06-30,40.231445,32.260329,2017-06-30T00:00:00Z,243,{0},NOT COVERED,0,NOT COVERED
TR_Ank_Yes_1_2017-07-29,40.231446,32.26033,2017-07-29T00:00:00Z,243,{0},NOT COVERED,0,NOT COVERED
TR_Ank_Yes_1_2017-08-30,40.231447,32.260331,2017-08-30T00:00:00Z,243,{0},NOT COVERED,0,NOT COVERED
TR_Ank_Yes_1_2017-09-26,40.231448,32.260332,2017-09-26T00:00:00Z,243,{0},NOT COVERED,0,NOT COVERED
TR_Ank_Yes_1_2017-10-13,40.231449,32.260333,2017-10-13T00:00:00Z,243,{0},NOT COVERED,0,NOT COVERED
TR_Ank_Yes_1_2018-05-19,40.231444,32.260328,2018-05-19T00:00:00Z,243,NOT COVERED,NOT COVERED,NOT COVERED,65535
TR_Ank_Yes_1_2018-06-25,40.231444,32.260328,2018-06-25T00:00:00Z,243,NOT COVERED,NOT COVERED,NOT COVERED,65535
TR_Ank_Yes_1_2018-07-28,40.231444,32.260328,2018-07-28T00:00:00Z,243,NOT COVERED,NOT COVERED,NOT COVERED,65535
TR_Ank_Yes_1_2018-08-27,40.231444,32.260328,2018-08-27T00:00:00Z,243,NOT COVERED,NOT COVERED,NOT COVERED,65535
TR_Ank_Yes_1_2018-09-27,40.231444,32.260328,2018-09-27T00:00:00Z,243,NOT COVERED,NOT COVERED,NOT COVERED,65535
TR_Ank_Yes_1_2018-10-12,40.231444,32.260328,2018-10-12T00:00:00Z,243,NOT COVERED,NOT COVERED,NOT COVERED,65535
TR_Ank_Yes_1_2019-06-26,40.231444,32.260328,2019-06-26T00:00:00Z,243,NOT COVERED,NOT COVERED,NOT COVERED,65535
TR_Ank_Yes_1_2019-08-14,40.231444,32.260328,2019-08-14T00:00:00Z,243,NOT COVERED,NOT COVERED,NOT COVERED,65535
TR_Ank_Yes_1_2019-09-17,40.231444,32.260328,2019-09-17T00:00:00Z,243,NOT COVERED,NOT COVERED,NOT COVERED,65535
TR_Ank_Yes_1_2019-10-10,40.231444,32.260328,2019-10-10T00:00:00Z,243,NOT COVERED,NOT COVERED,NOT COVERED,65535
TR_Ank_Yes_1_2020-05-21,40.231444,32.260328,2020-05-21T00:00:00Z,243,NOT COVERED,NOT COVERED,NOT COVERED,65535
TR_Ank_Yes_1_2020-06-26,40.231444,32.260328,2020-06-26T00:00:00Z,243,NOT COVERED,NOT COVERED,NOT COVERED,65535
TR_Ank_Yes_1_2020-07-13,40.231444,32.260328,2020-07-13T00:00:00Z,243,NOT COVERED,NOT COVERED,NOT COVERED,65535
TR_Ank_Yes_1_2020-08-18,40.231444,32.260328,2020-08-18T00:00:00Z,243,NOT COVERED,NOT COVERED,NOT COVERED,65535
TR_Ank_Yes_1_2020-09-16,40.231444,32.260328,2020-09-16T00:00:00Z,243,NOT COVERED,NOT COVERED,NOT COVERED,65535
TR_Ank_Yes_1_2020-10-14,40.231444,32.260328,2020-10-14T00:00:00Z,243,NOT COVERED,NOT COVERED,NOT COVERED,65535
TR_Ank_Yes_1_2021-05-19,40.231444,32.260328,2021-05-19T00:00:00Z,243,NOT COVERED,NOT COVERED,NOT COVERED,NOT COVERED
TR_Ank_Yes_1_2021-06-25,40.231445,32.260329,2021-06-25T00:00:00Z,243,NOT COVERED,NOT COVERED,NOT COVERED,NOT COVERED
TR_Ank_Yes_1_2021-07-27,40.231446,32.26033,2021-07-27T00:00:00Z,243,NOT COVERED,NOT COVERED,NOT COVERED,NOT COVERED
TR_Ank_Yes_1_2021-08-19,40.231447,32.260331,2021-08-19T00:00:00Z,243,NOT COVERED,NOT COVERED,NOT COVERED,NOT COVERED
TR_Ank_Yes_1_2021-09-20,40.231448,32.260332,2021-09-20T00:00:00Z,243,NOT COVERED,NOT COVERED,NOT COVERED,NOT COVERED
TR_Ank_Yes_1_2021-10-16,40.231449,32.260333,2021-10-16T00:00:00Z,243,NOT COVERED,NOT COVERED,NOT COVERED,NOT COVERED
UA_Che_Dmy_1_2021-07-17,48.788833,30.279833,2021-07-17T00:00:00Z,-32768,NOT COVERED,NOT COVERED,NOT COVERED,NOT COVERED
UA_Che_Kan_1_2016-07-08,49.72,31.53,2016-07-08T00:00:00Z,-32768,{255},NOT COVERED,255,NOT COVERED
UA_Che_Pyr_1_2016-08-23,50.53752,32.51880556,2016-08-23T00:00:00Z,-32768,{255},NOT COVERED,255,NOT COVERED
UA_Che_Uma_1_2014-10-01,48.75327778,30.20580556,2014-10-01T00:00:00Z,-32768,{255},255,NOT COVERED,NOT COVERED
UA_Che_Uma_1_2015-09-26,48.75327778,30.20580556,2015-09-26T00:00:00Z,-32768,{255},NOT COVERED,255,NOT COVERED
UA_Che_Uma_1_2016-09-11,48.76,30.17,2016-09-11T00:00:00Z,-32768,{255},NOT COVERED,255,NOT COVERED
UA_Che_Uma_1_2016-09-17,48.75,30.2,2016-09-17T00:00:00Z,-32768,{255},NOT COVERED,255,NOT COVERED
UA_Che_Uma_1_2017-09-16,48.76224,30.244566,2017-09-16T00:00:00Z,-32768,{255},NOT COVERED,255,NOT COVERED
UA_Che_Uma_1_2017-10-07,48.76224,30.244566,2017-10-07T00:00:00Z,-32768,{255},NOT COVERED,255,NOT COVERED
UA_Che_Uma_1_2018-09-21,48.76224,30.244566,2018-09-21T00:00:00Z,-32768,NOT COVERED,NOT COVERED,NOT COVERED,65535
UA_Che_Uma_1_2019-08-13,48.769055,30.173227,2019-08-13T00:00:00Z,-32768,NOT COVERED,NOT COVERED,NOT COVERED,65535
UA_Che_Uma_1_2019-10-14,48.76224,30.244566,2019-10-14T00:00:00Z,-32768,NOT COVERED,NOT COVERED,NOT COVERED,65535
UA_Che_Uma_1_2019-10-20,48.769055,30.173227,2019-10-20T00:00:00Z,-32768,NOT COVERED,NOT COVERED,NOT COVERED,65535
UA_Che_Uma_1_2020-08-19,48.76224,30.244566,2020-08-19T00:00:00Z,-32768,NOT COVERED,NOT COVERED,NOT COVERED,65535
UA_Che_Uma_1_2020-09-27,48.76224,30.244566,2020-09-27T00:00:00Z,-32768,NOT COVERED,NOT COVERED,NOT COVERED,65535
UA_Che_Uma_1_2021-09-19,48.769055,30.173227,2021-09-19T00:00:00Z,-32768,NOT COVERED,NOT COVERED,NOT COVERED,NOT COVERED
UA_Che_Var_1_2014-08-18,50.48469444,32.71425,2014-08-18T00:00:00Z,-32768,{255},255,NOT COVERED,NOT COVERED
UA_Che_Var_1_2015-08-25,50.48469444,32.71425,2015-08-25T00:00:00Z,-32768,{255},NOT COVERED,255,NOT COVERED
UA_Che_Var_1_2016-08-26,50.48469444,32.71425,2016-08-26T00:00:00Z,-32768,{255},NOT COVERED,255,NOT COVERED
UA_Che_Var_1_2018-09-03,50.48469444,32.71425,2018-09-03T00:00:00Z,-32768,NOT COVERED,NOT COVERED,NOT COVERED,65535
UA_Che_Var_1_2019-09-14,50.492583,32.714147,2019-09-14T00:00:00Z,-32768,NOT COVERED,NOT COVERED,NOT COVERED,65535
UA_Che_Var_1_2020-10-11,50.492583,32.714147,2020-10-11T00:00:00Z,-32768,NOT COVERED,NOT COVERED,NOT COVERED,65535
UA_Che_Var_1_2021-09-26,50.492583,32.714147,2021-09-26T00:00:00Z,-32768,NOT COVERED,NOT COVERED,NOT COVERED,NOT COVERED
UA_Don_Mar_1_2021-08-23,47.124453,37.690053,2021-08-23T00:00:00Z,-32768,NOT COVERED,NOT COVERED,NOT COVERED,NOT COVERED
UA_Don_Mar_2_2021-08-23,47.10500532,37.66617511,2021-08-23T00:00:00Z,-32768,NOT COVERED,NOT COVERED,NOT COVERED,NOT COVERED
UA_Don_Roz_1_2021-08-12,48.690794,37.005189,2021-08-12T00:00:00Z,-32768,NOT COVERED,NOT COVERED,NOT COVERED,NOT COVERED
UA_Kha_Kha_1_2014-07-26,49.81852778,36.05475,2014-07-26T00:00:00Z,-32768,{250},250,NOT COVERED,NOT COVERED
UA_Kha_Kha_1_2014-09-14,49.81852778,36.05475,2014-09-14T00:00:00Z,-32768,{250},250,NOT COVERED,NOT COVERED
UA_Kha_Kha_1_2015-08-20,49.81852778,36.05475,2015-08-20T00:00:00Z,-32768,{250},NOT COVERED,250,NOT COVERED
UA_Kha_Kha_1_2016-08-18,49.81852778,36.05475,2016-08-18T00:00:00Z,-32768,{250},NOT COVERED,250,NOT COVERED
UA_Kha_Kha_1_2018-09-24,49.990083,36.230678,2018-09-24T00:00:00Z,-32768,NOT COVERED,NOT COVERED,NOT COVERED,65535
UA_Kha_Kha_1_2021-08-18,49.990083,36.230678,2021-08-18T00:00:00Z,-32768,NOT COVERED,NOT COVERED,NOT COVERED,NOT COVERED
UA_Kie_Cho_1_2014-09-13,51.27263889,30.22136111,2014-09-13T00:00:00Z,-32768,{255},255,NOT COVERED,NOT COVERED
UA_Kie_Cho_1_2015-06-15,51.279245,30.213118,2015-06-15T00:00:00Z,-32768,{255},NOT COVERED,255,NOT COVERED
UA_Kie_Cho_1_2015-07-07,51.279245,30.213118,2015-07-07T00:00:00Z,-32768,{255},NOT COVERED,255,NOT COVERED
UA_Kie_Cho_1_2015-08-20,51.279245,30.213118,2015-08-20T00:00:00Z,-32768,{255},NOT COVERED,255,NOT COVERED
UA_Kie_Cho_1_2015-08-26,51.27263889,30.22136111,2015-08-26T00:00:00Z,-32768,{255},NOT COVERED,255,NOT COVERED
UA_Kie_Cho_1_2016-09-04,51.27,30.21,2016-09-04T00:00:00Z,-32768,{255},NOT COVERED,255,NOT COVERED
UA_Kie_Cho_1_2016-09-05,51.37,30.13,2016-09-05T00:00:00Z,-32768,{255},NOT COVERED,255,NOT COVERED
UA_Kie_Cho_1_2019-09-06,51.375003,30.139258,2019-09-06T00:00:00Z,-32768,NOT COVERED,NOT COVERED,NOT COVERED,65535
UA_Kie_Cho_2_2014-09-13,51.37330556,30.13830556,2014-09-13T00:00:00Z,-32768,{255},255,NOT COVERED,NOT COVERED
UA_Kie_Cho_2_2015-08-26,51.279245,30.213118,2015-08-26T00:00:00Z,-32768,{255},NOT COVERED,255,NOT COVERED
UA_Kie_Cho_2_2016-09-04,51.38691667,30.07330556,2016-09-04T00:00:00Z,-32768,{255},NOT COVERED,255,NOT COVERED
UA_Kie_Cho_3_2014-09-13,51.27888889,29.39438889,2014-09-13T00:00:00Z,-32768,{255},255,NOT COVERED,NOT COVERED
UA_Kie_Cho_3_2015-08-26,51.37330556,30.13830556,2015-08-26T00:00:00Z,-32768,{255},NOT COVERED,255,NOT COVERED
UA_Kie_Cho_4_2014-09-13,51.38691667,30.07330556,2014-09-13T00:00:00Z,-32768,{255},255,NOT COVERED,NOT COVERED
UA_Kie_Cho_4_2015-08-26,51.3352,30.136179,2015-08-26T00:00:00Z,-32768,{255},NOT COVERED,255,NOT COVERED
UA_Kie_Cho_5_2015-08-26,51.27888889,29.39438889,2015-08-26T00:00:00Z,-32768,{255},NOT COVERED,255,NOT COVERED
UA_Kie_Cho_6_2015-08-26,51.38691667,30.07330556,2015-08-26T00:00:00Z,-32768,{255},NOT COVERED,255,NOT COVERED
UA_Kie_Hle_1_2021-08-29,50.284972,30.331972,2021-08-29T00:00:00Z,-32768,NOT COVERED,NOT COVERED,NOT COVERED,NOT COVERED
UA_Kie_Kho_1_2021-08-09,50.58886,30.57138,2021-08-09T00:00:00Z,-32768,NOT COVERED,NOT COVERED,NOT COVERED,NOT COVERED
UA_Kie_Kop_1_2019-09-06,51.351861,30.126111,2019-09-06T00:00:00Z,-32768,NOT COVERED,NOT COVERED,NOT COVERED,65535
UA_Kie_Kyi_1_2014-08-09,50.34402778,30.48911111,2014-08-09T00:00:00Z,-32768,{255},255,NOT COVERED,NOT COVERED
UA_Kie_Kyi_1_2014-09-08,50.34402778,30.48911111,2014-09-08T00:00:00Z,-32768,{255},255,NOT COVERED,NOT COVERED
UA_Kie_Kyi_1_2014-10-11,50.34402778,30.48911111,2014-10-11T00:00:00Z,-32768,{255},255,NOT COVERED,NOT COVERED
UA_Kie_Kyi_1_2015-08-10,50.383374,30.368038,2015-08-10T00:00:00Z,-32768,{255},NOT COVERED,255,NOT COVERED
UA_Kie_Kyi_1_2016-08-06,50.38,30.36,2016-08-06T00:00:00Z,-32768,{255},NOT COVERED,255,NOT COVERED
UA_Kie_Kyi_1_2016-09-04,50.3834,30.3682,2016-09-04T00:00:00Z,-32768,{255},NOT COVERED,255,NOT COVERED
UA_Kie_Kyi_1_2016-10-03,50.38,30.36,2016-10-03T00:00:00Z,-32768,{255},NOT COVERED,255,NOT COVERED
UA_Kie_Kyi_1_2020-09-29,50.37875,30.475091,2020-09-29T00:00:00Z,-32768,NOT COVERED,NOT COVERED,NOT COVERED,65535
UA_Kie_Pri_1_2016-09-03,51.4,30.05416645,2016-09-03T00:00:00Z,-32768,{255},NOT COVERED,255,NOT COVERED
UA_Kie_Vys_1_2017-08-11,50.383359,30.367921,2017-08-11T00:00:00Z,-32768,{255},NOT COVERED,255,NOT COVERED
UA_Kie_Vys_1_2017-09-03,50.383359,30.367921,2017-09-03T00:00:00Z,-32768,{255},NOT COVERED,255,NOT COVERED
UA_Kie_Vys_1_2017-09-26,50.383359,30.367921,2017-09-26T00:00:00Z,-32768,{255},NOT COVERED,255,NOT COVERED
UA_Kie_Vys_1_2017-10-19,50.383359,30.367921,2017-10-19T00:00:00Z,-32768,{255},NOT COVERED,255,NOT COVERED
UA_Kie_Vys_1_2018-07-25,50.383359,30.367921,2018-07-25T00:00:00Z,-32768,NOT COVERED,NOT COVERED,NOT COVERED,65535
UA_Kie_Vys_1_2018-08-29,50.383359,30.367921,2018-08-29T00:00:00Z,-32768,NOT COVERED,NOT COVERED,NOT COVERED,65535
UA_Kie_Vys_1_2018-09-27,50.383359,30.367921,2018-09-27T00:00:00Z,-32768,NOT COVERED,NOT COVERED,NOT COVERED,65535
UA_Kie_Vys_1_2019-08-12,50.383359,30.367921,2019-08-12T00:00:00Z,-32768,NOT COVERED,NOT COVERED,NOT COVERED,65535
UA_Kie_Vys_1_2019-09-02,50.383359,30.367921,2019-09-02T00:00:00Z,-32768,NOT COVERED,NOT COVERED,NOT COVERED,65535
UA_Kie_Vys_1_2020-08-18,50.383359,30.367921,2020-08-18T00:00:00Z,-32768,NOT COVERED,NOT COVERED,NOT COVERED,65535
UA_Kie_Vys_1_2020-09-21,50.383359,30.367921,2020-09-21T00:00:00Z,-32768,NOT COVERED,NOT COVERED,NOT COVERED,65535
UA_Kie_Vys_1_2020-10-15,50.383359,30.367921,2020-10-15T00:00:00Z,-32768,NOT COVERED,NOT COVERED,NOT COVERED,65535
UA_Kie_Vys_1_2021-08-01,50.383359,30.367921,2021-08-01T00:00:00Z,-32768,NOT COVERED,NOT COVERED,NOT COVERED,NOT COVERED
UA_Kie_Vys_1_2021-09-19,50.383359,30.367921,2021-09-19T00:00:00Z,-32768,NOT COVERED,NOT COVERED,NOT COVERED,NOT COVERED
UA_Lvi_Dro_1_2014-08-24,49.32991667,23.50280556,2014-08-24T00:00:00Z,-32768,{255},255,NOT COVERED,NOT COVERED
UA_Lvi_Dro_1_2015-09-18,49.32991667,23.50280556,2015-09-18T00:00:00Z,-32768,{255},NOT COVERED,255,NOT COVERED
UA_Lvi_Dro_1_2016-09-12,49.32991667,23.50280556,2016-09-12T00:00:00Z,-32768,{255},NOT COVERED,255,NOT COVERED
UA_Myk_Ryb_1_2021-07-22,46.616779,31.355456,2021-07-22T00:00:00Z,-32768,NOT COVERED,NOT COVERED,NOT COVERED,NOT COVERED
UA_Ode_Ode_1_2013-05-16,46.49,30.71,2013-05-16T00:00:00Z,-32768,{255},255,NOT COVERED,NOT COVERED
UA_Ode_Ode_1_2013-10-15,46.49,30.71,2013-10-15T00:00:00Z,-32768,{255},255,NOT COVERED,NOT COVERED
UA_Ode_Ode_1_2014-07-03,46.44155556,30.77169444,2014-07-03T00:00:00Z,-32768,{255},255,NOT COVERED,NOT COVERED
UA_Ode_Ode_1_2014-07-22,46.44155556,30.77169444,2014-07-22T00:00:00Z,-32768,{255},255,NOT COVERED,NOT COVERED
UA_Ode_Ode_1_2014-08-29,46.44155556,30.77169444,2014-08-29T00:00:00Z,-32768,{255},255,NOT COVERED,NOT COVERED
UA_Ode_Ode_1_2014-10-10,46.44155556,30.77169444,2014-10-10T00:00:00Z,-32768,{255},255,NOT COVERED,NOT COVERED
UA_Ode_Ode_1_2015-06-30,46.44155556,30.77169444,2015-06-30T00:00:00Z,-32768,{255},NOT COVERED,255,NOT COVERED
UA_Ode_Ode_1_2015-07-26,46.44155556,30.77169444,2015-07-26T00:00:00Z,-32768,{255},NOT COVERED,255,NOT COVERED
UA_Ode_Ode_1_2015-08-27,46.44155556,30.77169444,2015-08-27T00:00:00Z,-32768,{255},NOT COVERED,255,NOT COVERED
UA_Ode_Ode_1_2015-09-26,46.44155556,30.77169444,2015-09-26T00:00:00Z,-32768,{255},NOT COVERED,255,NOT COVERED
UA_Ode_Ode_1_2016-08-20,46.44,30.77,2016-08-20T00:00:00Z,-32768,{255},NOT COVERED,255,NOT COVERED
UA_Ode_Ode_1_2016-09-15,46.44155556,30.77169444,2016-09-15T00:00:00Z,-32768,{255},NOT COVERED,255,NOT COVERED
UA_Ode_Ode_1_2017-08-12,46.441227,30.771592,2017-08-12T00:00:00Z,-32768,{255},NOT COVERED,255,NOT COVERED
UA_Ode_Ode_1_2017-09-23,46.441227,30.771592,2017-09-23T00:00:00Z,-32768,{255},NOT COVERED,255,NOT COVERED
UA_Ode_Ode_1_2018-06-30,46.441227,30.771592,2018-06-30T00:00:00Z,-32768,NOT COVERED,NOT COVERED,NOT COVERED,65535
UA_Ode_Ode_1_2018-08-15,46.441227,30.771592,2018-08-15T00:00:00Z,-32768,NOT COVERED,NOT COVERED,NOT COVERED,65535
UA_Ode_Ode_1_2018-09-15,46.441227,30.771592,2018-09-15T00:00:00Z,-32768,NOT COVERED,NOT COVERED,NOT COVERED,65535
UA_Ode_Ode_1_2019-06-15,46.441227,30.771592,2019-06-15T00:00:00Z,-32768,NOT COVERED,NOT COVERED,NOT COVERED,65535
UA_Ode_Ode_1_2019-09-06,46.441227,30.771592,2019-09-06T00:00:00Z,-32768,NOT COVERED,NOT COVERED,NOT COVERED,65535
UA_Ode_Ode_1_2020-08-28,46.441227,30.771592,2020-08-28T00:00:00Z,-32768,NOT COVERED,NOT COVERED,NOT COVERED,65535
UA_Ode_Ode_1_2020-09-26,46.391972,30.68125,2020-09-26T00:00:00Z,-32768,NOT COVERED,NOT COVERED,NOT COVERED,65535
UA_Ode_Ode_1_2020-09-28,46.441227,30.771592,2020-09-28T00:00:00Z,-32768,NOT COVERED,NOT COVERED,NOT COVERED,65535
UA_Ode_Ode_1_2020-10-30,46.441227,30.771592,2020-10-30T00:00:00Z,-32768,NOT COVERED,NOT COVERED,NOT COVERED,65535
UA_Ode_Ode_1_2021-11-11,46.391972,30.68125,2021-11-11T00:00:00Z,-32768,NOT COVERED,NOT COVERED,NOT COVERED,NOT COVERED
UA_Pol_Pyr_1_2014-08-20,50.25375,32.51880556,2014-08-20T00:00:00Z,-32768,{255},255,NOT COVERED,NOT COVERED
UA_Pol_Pyr_1_2015-08-26,50.25375,32.51880556,2015-08-26T00:00:00Z,-32768,{255},NOT COVERED,255,NOT COVERED
UA_Pol_Pyr_1_2017-08-22,50.3265,32.493228,2017-08-22T00:00:00Z,-32768,{255},NOT COVERED,255,NOT COVERED
UA_Pol_Pyr_1_2017-09-03,50.3265,32.493228,2017-09-03T00:00:00Z,-32768,{255},NOT COVERED,255,NOT COVERED
UA_Pol_Pyr_1_2019-08-25,50.3265,32.493228,2019-08-25T00:00:00Z,-32768,NOT COVERED,NOT COVERED,NOT COVERED,65535
UA_Pol_Pyr_1_2019-09-06,50.3265,32.493228,2019-09-06T00:00:00Z,-32768,NOT COVERED,NOT COVERED,NOT COVERED,65535
UA_Pol_Pyr_1_2021-07-29,50.3265,32.493228,2021-07-29T00:00:00Z,-32768,NOT COVERED,NOT COVERED,NOT COVERED,NOT COVERED
UA_Vol_Lut_1_2019-08-28,50.747778,25.324444,2019-08-28T00:00:00Z,-32768,NOT COVERED,NOT COVERED,NOT COVERED,65535
UA_Zap_Zap_1_2019-06-17,47.803529,35.202091,2019-06-17T00:00:00Z,-32768,NOT COVERED,NOT COVERED,NOT COVERED,65535
UG_Kis_Kis_1_2012-01-16,-1.28,29.69,2012-01-16T00:00:00Z,NOT COVERED,NOT COVERED,NOT COVERED,NOT COVERED,NOT COVERED
US_Flo_Hom_1_2004-07-01,25.467464,-80.47967,2004-07-01T00:00:00Z,NOT COVERED,NOT COVERED,NOT COVERED,NOT COVERED,NOT COVERED
US_Flo_Hom_1_2010-07-15,25.5,-80.477,2010-07-15T00:00:00Z,NOT COVERED,NOT COVERED,NOT COVERED,NOT COVERED,NOT COVERED
US_Flo_Hom_1_2010-12-16,25.5,-80.477,2010-12-16T00:00:00Z,NOT COVERED,NOT COVERED,NOT COVERED,NOT COVERED,NOT COVERED
US_Flo_Hom_2_2004-07-01,25.467464,-80.47967,2004-07-01T00:00:00Z,NOT COVERED,NOT COVERED,NOT COVERED,NOT COVERED,NOT COVERED
US_Geo_Ath_1_2014-06-17,33.95,-83.36,2014-06-17T00:00:00Z,NOT COVERED,NOT COVERED,NOT COVERED,NOT COVERED,NOT COVERED
US_Geo_Ath_1_2014-10-15,33.95,-83.36,2014-10-15T00:00:00Z,NOT COVERED,NOT COVERED,NOT COVERED,NOT COVERED,NOT COVERED
US_Geo_Hah_1_2008-07-16,30.99,-83.37,2008-07-16T00:00:00Z,NOT COVERED,NOT COVERED,NOT COVERED,NOT COVERED,NOT COVERED
US_Ill_Urb_1_2015-07-11,40.11,-88.21,2015-07-11T00:00:00Z,NOT COVERED,NOT COVERED,NOT COVERED,NOT COVERED,NOT COVERED
US_Mai_Bow_1_2004-07-01,44.039352,-69.864744,2004-07-01T00:00:00Z,NOT COVERED,NOT COVERED,NOT COVERED,NOT COVERED,NOT COVERED
US_Mai_Bow_1_2009-10-15,44,-69.96,2009-10-15T00:00:00Z,NOT COVERED,NOT COVERED,NOT COVERED,NOT COVERED,NOT COVERED
US_Mai_Bow_2_2009-10-15,44,-69.96,2009-10-15T00:00:00Z,NOT COVERED,NOT COVERED,NOT COVERED,NOT COVERED,NOT COVERED
US_Mai_Wal_1_2004-07-01,44.039352,-69.864744,2004-07-01T00:00:00Z,NOT COVERED,NOT COVERED,NOT COVERED,NOT COVERED,NOT COVERED
US_Mas_Lan_1_2012-07-28,42.45,-71.67,2012-07-28T00:00:00Z,NOT COVERED,NOT COVERED,NOT COVERED,NOT COVERED,NOT COVERED
US_Mas_Lan_1_2012-10-02,42.45,-71.67,2012-10-02T00:00:00Z,NOT COVERED,NOT COVERED,NOT COVERED,NOT COVERED,NOT COVERED
US_Mas_Lan_1_2014-07-20,42.45,-71.67,2014-07-20T00:00:00Z,NOT COVERED,NOT COVERED,NOT COVERED,NOT COVERED,NOT COVERED
US_Mas_Lan_1_2014-10-20,42.45,-71.67,2014-10-20T00:00:00Z,NOT COVERED,NOT COVERED,NOT COVERED,NOT COVERED,NOT COVERED
US_Mic_Ben_1_2014-07-26,42.1111,-86.4483,2014-07-26T00:00:00Z,NOT COVERED,NOT COVERED,NOT COVERED,NOT COVERED,NOT COVERED
US_Mic_Ben_1_2014-11-05,42.1111,-86.4483,2014-11-05T00:00:00Z,NOT COVERED,NOT COVERED,NOT COVERED,NOT COVERED,NOT COVERED
US_New_Ith_1_2004-07-01,42.35,-76.57,2004-07-01T00:00:00Z,NOT COVERED,NOT COVERED,NOT COVERED,NOT COVERED,NOT COVERED
US_New_Ith_1_2012-07-25,42.44,-76.5,2012-07-25T00:00:00Z,NOT COVERED,NOT COVERED,NOT COVERED,NOT COVERED,NOT COVERED
US_New_Ith_1_2012-09-23,42.44,-76.5,2012-09-23T00:00:00Z,NOT COVERED,NOT COVERED,NOT COVERED,NOT COVERED,NOT COVERED
US_Nor_Ral_1_2003-07-01,35.76,-78.66,2003-07-01T00:00:00Z,NOT COVERED,NOT COVERED,NOT COVERED,NOT COVERED,NOT COVERED
US_Nor_Ral_2_2003-07-01,35.77,-78.63,2003-07-01T00:00:00Z,NOT COVERED,NOT COVERED,NOT COVERED,NOT COVERED,NOT COVERED
US_Pen_Lin_1_2009-07-15,39.88,-75.41,2009-07-15T00:00:00Z,NOT COVERED,NOT COVERED,NOT COVERED,NOT COVERED,NOT COVERED
US_Pen_Lin_1_2009-11-16,39.88,-75.41,2009-11-16T00:00:00Z,NOT COVERED,NOT COVERED,NOT COVERED,NOT COVERED,NOT COVERED
US_Pen_Lin_1_2010-07-15,39.88,-75.41,2010-07-15T00:00:00Z,NOT COVERED,NOT COVERED,NOT COVERED,NOT COVERED,NOT COVERED
US_Pen_Lin_1_2010-11-16,39.88,-75.41,2010-11-16T00:00:00Z,NOT COVERED,NOT COVERED,NOT COVERED,NOT COVERED,NOT COVERED
US_Pen_Lin_1_2011-07-15,39.88,-75.41,2011-07-15T00:00:00Z,NOT COVERED,NOT COVERED,NOT COVERED,NOT COVERED,NOT COVERED
US_Pen_Lin_1_2011-10-15,39.88,-75.41,2011-10-15T00:00:00Z,NOT COVERED,NOT COVERED,NOT COVERED,NOT COVERED,NOT COVERED
US_Pen_Lin_1_2011-11-16,39.88,-75.41,2011-11-16T00:00:00Z,NOT COVERED,NOT COVERED,NOT COVERED,NOT COVERED,NOT COVERED
US_Pen_Lin_1_2012-07-16,39.88,-75.41,2012-07-16T00:00:00Z,NOT COVERED,NOT COVERED,NOT COVERED,NOT COVERED,NOT COVERED
US_Pen_Lin_1_2012-09-13,39.88,-75.41,2012-09-13T00:00:00Z,NOT COVERED,NOT COVERED,NOT COVERED,NOT COVERED,NOT COVERED
US_Pen_Lin_1_2012-10-10,39.88,-75.41,2012-10-10T00:00:00Z,NOT COVERED,NOT COVERED,NOT COVERED,NOT COVERED,NOT COVERED
US_Pen_Lin_1_2013-06-15,39.88,-75.41,2013-06-15T00:00:00Z,NOT COVERED,NOT COVERED,NOT COVERED,NOT COVERED,NOT COVERED
US_Pen_Lin_1_2014-06-27,39.88,-75.41,2014-06-27T00:00:00Z,NOT COVERED,NOT COVERED,NOT COVERED,NOT COVERED,NOT COVERED
US_Pen_Lin_1_2014-10-17,39.88,-75.41,2014-10-17T00:00:00Z,NOT COVERED,NOT COVERED,NOT COVERED,NOT COVERED,NOT COVERED
US_Pen_Lin_1_2015-07-15,39.88,-75.41,2015-07-15T00:00:00Z,NOT COVERED,NOT COVERED,NOT COVERED,NOT COVERED,NOT COVERED
US_Pen_Lin_1_2015-10-15,39.88,-75.41,2015-10-15T00:00:00Z,NOT COVERED,NOT COVERED,NOT COVERED,NOT COVERED,NOT COVERED
US_Pen_Sta_1_2014-06-18,40.793395,-77.860001,2014-06-18T00:00:00Z,NOT COVERED,NOT COVERED,NOT COVERED,NOT COVERED,NOT COVERED
US_Pen_Sta_1_2014-10-16,40.793395,-77.860001,2014-10-16T00:00:00Z,NOT COVERED,NOT COVERED,NOT COVERED,NOT COVERED,NOT COVERED
US_Pen_Sta_1_2015-07-18,40.793395,-77.860001,2015-07-18T00:00:00Z,NOT COVERED,NOT COVERED,NOT COVERED,NOT COVERED,NOT COVERED
US_Rho_Pro_10_2015-06-11,41.823834,-71.396821,2015-06-11T00:00:00Z,NOT COVERED,NOT COVERED,NOT COVERED,NOT COVERED,NOT COVERED
US_Rho_Pro_11_2015-06-11,41.823834,-71.396821,2015-06-11T00:00:00Z,NOT COVERED,NOT COVERED,NOT COVERED,NOT COVERED,NOT COVERED
US_Rho_Pro_12_2015-06-11,41.823834,-71.396821,2015-06-11T00:00:00Z,NOT COVERED,NOT COVERED,NOT COVERED,NOT COVERED,NOT COVERED
US_Rho_Pro_1_2014-09-25,41.833989,-71.4047,2014-09-25T00:00:00Z,NOT COVERED,NOT COVERED,NOT COVERED,NOT COVERED,NOT COVERED
US_Rho_Pro_1_2015-06-11,41.833989,-71.4047,2015-06-11T00:00:00Z,NOT COVERED,NOT COVERED,NOT COVERED,NOT COVERED,NOT COVERED
US_Rho_Pro_2_2014-09-25,41.827639,-71.401978,2014-09-25T00:00:00Z,NOT COVERED,NOT COVERED,NOT COVERED,NOT COVERED,NOT COVERED
US_Rho_Pro_2_2015-06-11,41.823834,-71.396821,2015-06-11T00:00:00Z,NOT COVERED,NOT COVERED,NOT COVERED,NOT COVERED,NOT COVERED
US_Rho_Pro_3_2014-09-25,41.823612,-71.389529,2014-09-25T00:00:00Z,NOT COVERED,NOT COVERED,NOT COVERED,NOT COVERED,NOT COVERED
US_Rho_Pro_3_2015-06-11,41.834655,-71.39653,2015-06-11T00:00:00Z,NOT COVERED,NOT COVERED,NOT COVERED,NOT COVERED,NOT COVERED
US_Rho_Pro_4_2014-09-25,41.823834,-71.396821,2014-09-25T00:00:00Z,NOT COVERED,NOT COVERED,NOT COVERED,NOT COVERED,NOT COVERED
US_Rho_Pro_4_2015-06-11,41.834655,-71.39653,2015-06-11T00:00:00Z,NOT COVERED,NOT COVERED,NOT COVERED,NOT COVERED,NOT COVERED
US_Rho_Pro_5_2014-09-25,41.825072,-71.412921,2014-09-25T00:00:00Z,NOT COVERED,NOT COVERED,NOT COVERED,NOT COVERED,NOT COVERED
US_Rho_Pro_5_2015-06-11,41.833989,-71.4047,2015-06-11T00:00:00Z,NOT COVERED,NOT COVERED,NOT COVERED,NOT COVERED,NOT COVERED
US_Rho_Pro_6_2015-06-11,41.827639,-71.401978,2015-06-11T00:00:00Z,NOT COVERED,NOT COVERED,NOT COVERED,NOT COVERED,NOT COVERED
US_Rho_Pro_7_2015-06-11,41.827639,-71.401978,2015-06-11T00:00:00Z,NOT COVERED,NOT COVERED,NOT COVERED,NOT COVERED,NOT COVERED
US_Rho_Pro_8_2015-06-11,41.823612,-71.389529,2015-06-11T00:00:00Z,NOT COVERED,NOT COVERED,NOT COVERED,NOT COVERED,NOT COVERED
US_Rho_Pro_9_2015-06-11,41.823612,-71.389529,2015-06-11T00:00:00Z,NOT COVERED,NOT COVERED,NOT COVERED,NOT COVERED,NOT COVERED
US_Sou_Eut_1_2010-07-15,33.39,-80.34,2010-07-15T00:00:00Z,NOT COVERED,NOT COVERED,NOT COVERED,NOT COVERED,NOT COVERED
US_Vir_Cha_1_2012-07-18,38,-78.47,2012-07-18T00:00:00Z,NOT COVERED,NOT COVERED,NOT COVERED,NOT COVERED,NOT COVERED
US_Vir_Cha_1_2012-11-05,38,-78.47,2012-11-05T00:00:00Z,NOT COVERED,NOT COVERED,NOT COVERED,NOT COVERED,NOT COVERED
US_Vir_Cha_1_2014-06-25,38,-78.47,2014-06-25T00:00:00Z,NOT COVERED,NOT COVERED,NOT COVERED,NOT COVERED,NOT COVERED
US_Vir_Cha_1_2014-10-14,38,-78.47,2014-10-14T00:00:00Z,NOT COVERED,NOT COVERED,NOT COVERED,NOT COVERED,NOT COVERED
US_Vir_Cha_1_2015-07-01,38,-78.47,2015-07-01T00:00:00Z,NOT COVERED,NOT COVERED,NOT COVERED,NOT COVERED,NOT COVERED
US_Vir_Cha_1_2015-10-19,38,-78.47,2015-10-19T00:00:00Z,NOT COVERED,NOT COVERED,NOT COVERED,NOT COVERED,NOT COVERED
US_Vir_Cha_1_2016-06-24,37.979,-78.4897,2016-06-24T00:00:00Z,NOT COVERED,NOT COVERED,NOT COVERED,NOT COVERED,NOT COVERED
US_Vir_Cha_1_2016-07-08,37.979,-78.4897,2016-07-08T00:00:00Z,NOT COVERED,NOT COVERED,NOT COVERED,NOT COVERED,NOT COVERED
US_Vir_Cha_1_2016-07-22,37.979,-78.4897,2016-07-22T00:00:00Z,NOT COVERED,NOT COVERED,NOT COVERED,NOT COVERED,NOT COVERED
US_Vir_Cha_1_2016-08-19,37.979,-78.4897,2016-08-19T00:00:00Z,NOT COVERED,NOT COVERED,NOT COVERED,NOT COVERED,NOT COVERED
US_Vir_Cha_1_2016-09-02,37.979,-78.4897,2016-09-02T00:00:00Z,NOT COVERED,NOT COVERED,NOT COVERED,NOT COVERED,NOT COVERED
US_Vir_Cha_1_2016-09-16,37.979,-78.4897,2016-09-16T00:00:00Z,NOT COVERED,NOT COVERED,NOT COVERED,NOT COVERED,NOT COVERED
US_Vir_Cha_1_2016-10-03,37.979,-78.4897,2016-10-03T00:00:00Z,NOT COVERED,NOT COVERED,NOT COVERED,NOT COVERED,NOT COVERED
US_Vir_Cha_1_2016-10-14,37.979,-78.4897,2016-10-14T00:00:00Z,NOT COVERED,NOT COVERED,NOT COVERED,NOT COVERED,NOT COVERED
US_Vir_Cha_1_2016-10-28,37.979,-78.4897,2016-10-28T00:00:00Z,NOT COVERED,NOT COVERED,NOT COVERED,NOT COVERED,NOT COVERED
US_Vir_Cha_1_2016-11-11,37.979,-78.4897,2016-11-11T00:00:00Z,NOT COVERED,NOT COVERED,NOT COVERED,NOT COVERED,NOT COVERED
US_Vir_Cha_1_2016-12-03,37.979,-78.4897,2016-12-03T00:00:00Z,NOT COVERED,NOT COVERED,NOT COVERED,NOT COVERED,NOT COVERED
US_Vir_Cha_1_2017-06-22,37.979,-78.4897,2017-06-22T00:00:00Z,NOT COVERED,NOT COVERED,NOT COVERED,NOT COVERED,NOT COVERED
US_Vir_Cha_1_2017-07-07,37.979,-78.4897,2017-07-07T00:00:00Z,NOT COVERED,NOT COVERED,NOT COVERED,NOT COVERED,NOT COVERED
US_Vir_Cha_1_2017-07-20,37.979,-78.4897,2017-07-20T00:00:00Z,NOT COVERED,NOT COVERED,NOT COVERED,NOT COVERED,NOT COVERED
US_Vir_Cha_1_2017-08-03,37.979,-78.4897,2017-08-03T00:00:00Z,NOT COVERED,NOT COVERED,NOT COVERED,NOT COVERED,NOT COVERED
US_Vir_Cha_1_2017-08-17,37.979,-78.4897,2017-08-17T00:00:00Z,NOT COVERED,NOT COVERED,NOT COVERED,NOT COVERED,NOT COVERED
US_Vir_Cha_1_2017-08-31,37.979,-78.4897,2017-08-31T00:00:00Z,NOT COVERED,NOT COVERED,NOT COVERED,NOT COVERED,NOT COVERED
US_Vir_Cha_1_2017-09-14,37.979,-78.4897,2017-09-14T00:00:00Z,NOT COVERED,NOT COVERED,NOT COVERED,NOT COVERED,NOT COVERED
US_Vir_Cha_1_2017-09-28,37.979,-78.4897,2017-09-28T00:00:00Z,NOT COVERED,NOT COVERED,NOT COVERED,NOT COVERED,NOT COVERED
US_Vir_Cha_1_2017-10-12,37.979,-78.4897,2017-10-12T00:00:00Z,NOT COVERED,NOT COVERED,NOT COVERED,NOT COVERED,NOT COVERED
US_Vir_Cha_1_2017-10-26,37.979,-78.4897,2017-10-26T00:00:00Z,NOT COVERED,NOT COVERED,NOT COVERED,NOT COVERED,NOT COVERED
US_Vir_Cha_1_2017-11-09,37.979,-78.4897,2017-11-09T00:00:00Z,NOT COVERED,NOT COVERED,NOT COVERED,NOT COVERED,NOT COVERED
US_Vir_Cha_1_2017-11-24,37.979,-78.4897,2017-11-24T00:00:00Z,NOT COVERED,NOT COVERED,NOT COVERED,NOT COVERED,NOT COVERED
US_Vir_Cha_1_2017-12-07,37.979,-78.4897,2017-12-07T00:00:00Z,NOT COVERED,NOT COVERED,NOT COVERED,NOT COVERED,NOT COVERED
US_Vir_Cha_1_2018-06-28,37.979,-78.4897,2018-06-28T00:00:00Z,NOT COVERED,NOT COVERED,NOT COVERED,NOT COVERED,NOT COVERED
US_Vir_Cha_1_2018-07-05,37.979,-78.4897,2018-07-05T00:00:00Z,NOT COVERED,NOT COVERED,NOT COVERED,NOT COVERED,NOT COVERED
US_Vir_Cha_1_2018-07-12,37.979,-78.4897,2018-07-12T00:00:00Z,NOT COVERED,NOT COVERED,NOT COVERED,NOT COVERED,NOT COVERED
US_Vir_Cha_1_2018-07-26,37.979,-78.4897,2018-07-26T00:00:00Z,NOT COVERED,NOT COVERED,NOT COVERED,NOT COVERED,NOT COVERED
US_Vir_Cha_1_2018-08-09,37.979,-78.4897,2018-08-09T00:00:00Z,NOT COVERED,NOT COVERED,NOT COVERED,NOT COVERED,NOT COVERED
US_Vir_Cha_1_2018-08-23,37.979,-78.4897,2018-08-23T00:00:00Z,NOT COVERED,NOT COVERED,NOT COVERED,NOT COVERED,NOT COVERED
US_Vir_Cha_1_2018-09-06,37.979,-78.4897,2018-09-06T00:00:00Z,NOT COVERED,NOT COVERED,NOT COVERED,NOT COVERED,NOT COVERED
US_Vir_Cha_1_2018-09-20,37.979,-78.4897,2018-09-20T00:00:00Z,NOT COVERED,NOT COVERED,NOT COVERED,NOT COVERED,NOT COVERED
US_Vir_Cha_1_2018-10-04,37.979,-78.4897,2018-10-04T00:00:00Z,NOT COVERED,NOT COVERED,NOT COVERED,NOT COVERED,NOT COVERED
US_Vir_Cha_1_2018-10-18,37.979,-78.4897,2018-10-18T00:00:00Z,NOT COVERED,NOT COVERED,NOT COVERED,NOT COVERED,NOT COVERED
US_Vir_Cha_1_2018-10-25,37.979,-78.4897,2018-10-25T00:00:00Z,NOT COVERED,NOT COVERED,NOT COVERED,NOT COVERED,NOT COVERED
US_Vir_Cha_1_2018-11-01,37.979,-78.4897,2018-11-01T00:00:00Z,NOT COVERED,NOT COVERED,NOT COVERED,NOT COVERED,NOT COVERED
US_Vir_Cha_1_2018-11-29,37.979,-78.4897,2018-11-29T00:00:00Z,NOT COVERED,NOT COVERED,NOT COVERED,NOT COVERED,NOT COVERED
US_Vir_Cha_1_2019-06-18,37.979,-78.4897,2019-06-18T00:00:00Z,NOT COVERED,NOT COVERED,NOT COVERED,NOT COVERED,NOT COVERED
US_Vir_Cha_1_2019-08-14,37.979,-78.4897,2019-08-14T00:00:00Z,NOT COVERED,NOT COVERED,NOT COVERED,NOT COVERED,NOT COVERED
US_Vir_Cha_1_2019-09-06,37.979,-78.4897,2019-09-06T00:00:00Z,NOT COVERED,NOT COVERED,NOT COVERED,NOT COVERED,NOT COVERED
US_Vir_Cha_1_2020-07-03,37.979,-78.4897,2020-07-03T00:00:00Z,NOT COVERED,NOT COVERED,NOT COVERED,NOT COVERED,NOT COVERED
US_Vir_Cha_1_2020-08-21,37.979,-78.4897,2020-08-21T00:00:00Z,NOT COVERED,NOT COVERED,NOT COVERED,NOT COVERED,NOT COVERED
US_Vir_Cha_1_2020-09-30,37.979,-78.4897,2020-09-30T00:00:00Z,NOT COVERED,NOT COVERED,NOT COVERED,NOT COVERED,NOT COVERED
US_Vir_Cha_1_2021-10-15,37.979,-78.4897,2021-10-15T00:00:00Z,NOT COVERED,NOT COVERED,NOT COVERED,NOT COVERED,NOT COVERED
US_Wis_Cro_1_2012-06-10,43.11,-89.65,2012-06-10T00:00:00Z,NOT COVERED,NOT COVERED,NOT COVERED,NOT COVERED,NOT COVERED
US_Wis_Cro_1_2012-09-11,43.11,-89.65,2012-09-11T00:00:00Z,NOT COVERED,NOT COVERED,NOT COVERED,NOT COVERED,NOT COVERED
US_Wis_Cro_1_2012-10-20,43.11,-89.65,2012-10-20T00:00:00Z,NOT COVERED,NOT COVERED,NOT COVERED,NOT COVERED,NOT COVERED
US_Wis_Cro_1_2013-07-02,43.11,-89.65,2013-07-02T00:00:00Z,NOT COVERED,NOT COVERED,NOT COVERED,NOT COVERED,NOT COVERED
US_Wis_Cro_1_2013-09-22,43.11,-89.65,2013-09-22T00:00:00Z,NOT COVERED,NOT COVERED,NOT COVERED,NOT COVERED,NOT COVERED
US_Wis_Cro_1_2014-06-25,43.11,-89.65,2014-06-25T00:00:00Z,NOT COVERED,NOT COVERED,NOT COVERED,NOT COVERED,NOT COVERED
US_Wis_Cro_1_2014-09-18,43.11,-89.65,2014-09-18T00:00:00Z,NOT COVERED,NOT COVERED,NOT COVERED,NOT COVERED,NOT COVERED
ZA_Eas_Bar_1_2011-12-16,-30.97,27.59,2011-12-16T00:00:00Z,NOT COVERED,NOT COVERED,NOT COVERED,NOT COVERED,NOT COVERED
ZA_Lim_Pha_1_2010-07-16,-23.94,31.14,2010-07-16T00:00:00Z,NOT COVERED,NOT COVERED,NOT COVERED,NOT COVERED,NOT COVERED
ZA_Mpu_Dul_1_2011-12-16,-25.42,30.1,2011-12-16T00:00:00Z,NOT COVERED,NOT COVERED,NOT COVERED,NOT COVERED,NOT COVERED
ZM_Sou_Sia_1_2010-07-16,-16.54,28.72,2010-07-16T00:00:00Z,NOT COVERED,NOT COVERED,NOT COVERED,NOT COVERED,NOT COVERED
ZW_Mat_Vic_1_2001-07-16,-17.94,25.83,2001-07-16T00:00:00Z,NOT COVERED,NOT COVERED,NOT COVERED,NOT COVERED,NOT COVERED
