sampleId,sampleId_orig,locality,lat,long,continent,country,city,province,min_day,max_day,min_month,max_month,year,jday,exactDate,sr_season,bio_rep,tech_rep,exp_rep,loc_rep,fruit_type,subsample,nFlies,fly_type,library_type,sampling_strategy,seq_platform,set,collector,SRA_Accession,reference,SequencingId,low_qual,DIN,DNA_result,DNA_Status,library_result,totalreads
AT_Kar_See_1_2016-08-01,AT_See_16_1,AT_Kar_See,46.8136889,13.50794792,Europe,Austria,Seeboden,Karnten,1,1,8,8,2016,214,TRUE,spring,BR-1,TR-1,NA,NA,NA,1,40,wild,pooled,NA,HiSeq X Ten,DrosEU,Martin_Kapun,SRR8494439,https://doi.org/10.1093/molbev/msab259,NA,NA,NA,NA,NA,NA,NA
AT_Nie_Mau_1_2014-07-20,AT_Mau_14_01,AT_Nie_Mau,48.375,15.56,Europe,Austria,Mauternbach,Niederosterreich,20,20,7,7,2014,201,TRUE,spring,BR-1,TR-1,NA,NA,NA,1,40,wild,pooled,NA,NextSeq 500,DrosEU,Andrea_J._Betancourt,SRR5647751,https://doi.org/10.1093/molbev/msab259,NA,NA,NA,NA,NA,NA,NA
AT_Nie_Mau_1_2014-10-19,AT_Mau_14_02,AT_Nie_Mau,48.375,15.56,Europe,Austria,Mauternbach,Niederosterreich,19,19,10,10,2014,292,TRUE,fall,BR-1,TR-1,NA,NA,NA,1,40,wild,pooled,NA,NextSeq 500,DrosEU,Andrea_J.Betancourt,SRR5647750,https://doi.org/10.1093/molbev/msab259,NA,NA,NA,NA,NA,NA,NA
AT_Nie_Mau_1_2015-07-20,AT_Mau_15_50,AT_Nie_Mau,48.375,15.56,Europe,Austria,Mauternbach,Niederosterreich,20,20,7,7,2015,201,TRUE,spring,BR-1,TR-1,NA,NA,NA,1,40,wild,pooled,NA,HiSeq X Ten,DrosEU,Andrea_Betancourt,SRR8439127,https://doi.org/10.1093/molbev/msab259,NA,NA,NA,NA,NA,NA,NA
AT_Nie_Mau_1_2015-10-19,AT_Mau_15_51,AT_Nie_Mau,48.375,15.56,Europe,Austria,Mauternbach,Niederosterreich,19,19,10,10,2015,292,TRUE,fall,BR-1,TR-1,NA,NA,NA,1,40,wild,pooled,NA,HiSeq X Ten,DrosEU,Andrea_Betancourt,SRR8439143,https://doi.org/10.1093/molbev/msab259,NA,NA,NA,NA,NA,NA,NA
AT_Wie_Gro_1_2012-08-03,AT_gr_12_spring,AT_Wie_Gro,48.2,16.37,Europe,Austria,Gross-Enzersdorf,Wien,3,3,8,8,2012,216,TRUE,spring,BR-1,TR-1,NA,NA,NA,1,62,wild,pooled,NA,Illumina HiSeq 2000,DrosRTEC,Fabian/Flatt,SRR3590553,https://doi.org/10.1093/molbev/msab259,NA,NA,NA,NA,NA,NA,NA
AT_Wie_Gro_1_2012-10-20,AT_gr_12_fall,AT_Wie_Gro,48.2,16.37,Europe,Austria,Gross-Enzersdorf,Wien,20,20,10,10,2012,294,TRUE,fall,BR-1,TR-1,NA,NA,NA,1,44,wild,pooled,NA,Illumina HiSeq 2000,DrosRTEC,Fabian/Flatt,SRR3590552,https://doi.org/10.1093/molbev/msab259,NA,NA,NA,NA,NA,NA,NA
BY_Bre_Bre_1_2015-09-11,BY_Bre_15_13,BY_Bre_Bre,52.142193,23.662434,Europe,Belarus,Brest,Brest,11,11,9,9,2015,254,TRUE,fall,BR-1,TR-1,NA,NA,NA,1,40,wild,pooled,NA,HiSeq X Ten,DrosEU,Iryna_Kozeretska,SRR8439157,https://doi.org/10.1093/molbev/msab259,NA,NA,NA,NA,NA,NA,NA
CH_Fri_Ors_1_2020-08-23,NA,CH_Fri_Ors,46.71061,6.98713,Europe,Switzerland,Orsonnens,Fribourg,23,23,8,8,2020,236,TRUE,NA,BR-1,TR-1,NA,NA,Apples,1,40,Wild flies,pooled,Fly trap,NovaSeq6000,DrosEU_3,Margot Paris,NA,NA,DrosEu-103,FALSE,4.7,Fail,DIN,Pass,81616022
CH_Vau_Cha_1_2014-07-24,CH_Cha_14_42,CH_Vau_Cha,46.5670416,6.701867,Europe,Switzerland,Chalet Gobet,Vaud,24,24,7,7,2014,205,TRUE,spring,BR-1,TR-1,NA,NA,NA,1,40,wild,pooled,NA,NextSeq 500,DrosEU,Martin_Kapun,SRR5647754,https://doi.org/10.1093/molbev/msab259,NA,NA,NA,NA,NA,NA,NA
CH_Vau_Cha_1_2014-10-05,CH_Cha_14_43,CH_Vau_Cha,46.5670416,6.701867,Europe,Switzerland,Chalet Gobet,Vaud,5,5,10,10,2014,278,TRUE,fall,BR-1,TR-1,NA,NA,NA,1,40,wild,pooled,NA,NextSeq 500,DrosEU,Martin_Kapun,SRR5647758,https://doi.org/10.1093/molbev/msab259,NA,NA,NA,NA,NA,NA,NA
CH_Vau_Cha_1_2015-08-01,CH_Cha_15_39,CH_Vau_Cha,46.5670416,6.701867,Europe,Switzerland,Chalet Gobet,Vaud,1,1,8,8,2015,213,TRUE,spring,BR-1,TR-1,NA,NA,NA,1,40,wild,pooled,NA,HiSeq X Ten,DrosEU,Martin_Kapun_(Flatt_lab),SRR8439166,https://doi.org/10.1093/molbev/msab259,NA,NA,NA,NA,NA,NA,NA
CH_Vau_Cha_1_2016-08-15,CH_Cha_16_38,CH_Vau_Cha,46.5670416,6.701867,Europe,Switzerland,Chalet Gobet,Vaud,15,15,8,8,2016,228,TRUE,spring,BR-1,TR-1,NA,NA,NA,1,40,wild,pooled,NA,HiSeq X Ten,DrosEU,Martin_Kapun,SRR8494459,https://doi.org/10.1093/molbev/msab259,NA,NA,NA,NA,NA,NA,NA
CH_Vau_Vul_1_2018-09-18,NA,CH_Vau_Vul,46.93947,7.05332,Europe,Switzerland,Vully,Vaud,18,18,9,9,2018,261,TRUE,NA,BR-1,TR-1,NA,NA,Apples,1,40,Wild flies,pooled,Fly trap,NovaSeq6000,DrosEU_3,Esra Durmaz; Envel Kerdaffrec,NA,NA,DrosEu-113,FALSE,6.1,Hold,DIN,Pass,NA
CH_Vau_Vul_1_2019-07-17,NA,CH_Vau_Vul,46.93947,7.05332,Europe,Switzerland,Vully,Vaud,17,17,7,7,2019,198,TRUE,NA,BR-1,TR-1,NA,NA,Apples,1,40,Wild flies,pooled,Fly trap,NovaSeq6000,DrosEU_3,Esra Durmaz; Envel Kerdaffrec,NA,NA,DrosEu-109,FALSE,5.9,Fail,DIN,Pass,NA
CH_Vau_Vul_1_2019-09-24,NA,CH_Vau_Vul,46.93947,7.05332,Europe,Switzerland,Vully,Vaud,24,24,9,9,2019,267,TRUE,NA,BR-1,TR-1,NA,NA,Apples,1,40,Wild flies,pooled,Fly trap,NovaSeq6000,DrosEU_3,Esra Durmaz; Envel Kerdaffrec,NA,NA,DrosEu-110,FALSE,6.8,Hold,DIN,Pass,71014878
CH_Vau_Vul_1_2020-07-29,NA,CH_Vau_Vul,46.93947,7.05332,Europe,Switzerland,Vully,Vaud,29,29,7,7,2020,211,TRUE,NA,BR-1,TR-1,NA,NA,Apples,1,40,Wild flies,pooled,Fly trap,NovaSeq6000,DrosEU_3,Margot Paris; Envel Kerdaffrec,NA,NA,DrosEu-111,FALSE,5.9,Fail,DIN,Pass,NA
CH_Vau_Vul_1_2020-09-15,NA,CH_Vau_Vul,46.93947,7.05332,Europe,Switzerland,Vully,Vaud,15,15,9,9,2020,259,TRUE,NA,BR-1,TR-1,NA,NA,Apples,1,40,Wild flies,pooled,Fly trap,NovaSeq6000,DrosEU_3,Envel Kerdaffrec,NA,NA,DrosEu-112,FALSE,6.2,Hold,DIN,Pass,67718066
CM_Nor_Oku_1_2004-04-15,CO,CM_Nor_Oku,6.25,10.43,Africa,Cameroon,Oku,Nord-Ouest,1,30,4,4,2004,106,FALSE,NA,BR-1,TR-1,NA,NA,NA,1,10,NA,haploid_embryo,NA,NA,dgn,J._Pool,NA,https://doi.org/10.1093/molbev/msab259,NA,NA,NA,NA,NA,NA,NA
DE_Bad_Bro_1_2014-06-26,DE_Bro_14_14,DE_Bad_Bro,48.218024,7.819513,Europe,Germany,Broggingen,Baden-Wurttemberg,26,26,6,6,2014,177,TRUE,spring,BR-1,TR-1,NA,NA,NA,1,40,wild,pooled,NA,NextSeq 500,DrosEU,Fabian_Staubach,SRR5647762,https://doi.org/10.1093/molbev/msab259,NA,NA,NA,NA,NA,NA,NA
DE_Bad_Bro_1_2014-10-15,DE_Bro_14_15,DE_Bad_Bro,48.218024,7.819513,Europe,Germany,Broggingen,Baden-Wurttemberg,15,15,10,10,2014,288,TRUE,fall,BR-1,TR-1,NA,NA,NA,1,40,wild,pooled,NA,NextSeq 500,DrosEU,Fabian_Staubach,SRR5647761,https://doi.org/10.1093/molbev/msab259,NA,NA,NA,NA,NA,NA,NA
DE_Bad_Bro_1_2015-06-30,DE_Bro_15_53,DE_Bad_Bro,48.218,7.82,Europe,Germany,Broggingen,Baden-Wurttemberg,30,30,6,6,2015,181,TRUE,spring,BR-1,TR-1,NA,NA,NA,1,40,wild,pooled,NA,HiSeq X Ten,DrosEU,Fabian_Staubach,SRR8439148,https://doi.org/10.1093/molbev/msab259,NA,NA,NA,NA,NA,NA,NA
DE_Bad_Bro_1_2015-10-25,DE_Bro_15_54,DE_Bad_Bro,48.218,7.82,Europe,Germany,Broggingen,Baden-Wurttemberg,25,25,10,10,2015,298,TRUE,fall,BR-1,TR-1,NA,NA,NA,1,40,wild,pooled,NA,HiSeq X Ten,DrosEU,Fabian_Staubach,SRR8439144,https://doi.org/10.1093/molbev/msab259,NA,NA,NA,NA,NA,NA,NA
DE_Bad_Bro_1_2016-07-24,DE_Bro_16_10,DE_Bad_Bro,48.218024,7.819513,Europe,Germany,Broggingen,Baden-Wurttemberg,24,24,7,7,2016,206,TRUE,spring,BR-1,TR-1,NA,NA,NA,1,40,wild,pooled,NA,HiSeq X Ten,DrosEU,Fabian_Staubach,SRR8494434,https://doi.org/10.1093/molbev/msab259,NA,NA,NA,NA,NA,NA,NA
DE_Bad_Bro_1_2016-10-23,DE_Bro_16_11,DE_Bad_Bro,48.218024,7.819513,Europe,Germany,Broggingen,Baden-Wurttemberg,23,23,10,10,2016,297,TRUE,fall,BR-1,TR-1,NA,NA,NA,1,40,wild,pooled,NA,HiSeq X Ten,DrosEU,Fabian_Staubach,SRR8494452,https://doi.org/10.1093/molbev/msab259,NA,NA,NA,NA,NA,NA,NA
DE_Bad_Bro_1_2017-06-27,NA,DE_Bad_Bro,48.217898,7.819194,Europe,Germany,Broggingen,Baden-Wurttemberg,27,27,6,6,2017,178,TRUE,NA,BR-1,TR-1,NA,NA,Apples,1,40,Wild flies,pooled,Fly trap,NovaSeq6000,DrosEU_3,Fabian Staubach,NA,NA,DrosEu-191,FALSE,7,Pass,NA,Pass,NA
DE_Bad_Bro_1_2018-06-26,NA,DE_Bad_Bro,48.217898,7.819194,Europe,Germany,Broggingen,Baden-Wurttemberg,26,26,6,6,2018,177,TRUE,NA,BR-1,TR-1,NA,NA,Apples,1,40,Wild flies,pooled,Fly trap,NovaSeq6000,DrosEU_3,Fabian Staubach,NA,NA,DrosEu-192,FALSE,7.9,Pass,NA,Pass,NA
DE_Bad_Bro_1_2019-07-03,NA,DE_Bad_Bro,48.217898,7.819194,Europe,Germany,Broggingen,Baden-Wurttemberg,3,3,7,7,2019,184,TRUE,NA,BR-1,TR-1,NA,NA,NA,1,39,Wild flies,pooled,Fly trap,NovaSeq6000,DrosEU_3,Fabian Staubach,NA,NA,DrosEu-193,FALSE,7.2,Pass,NA,Pass,89887996
DE_Bad_Bro_1_2020-07-16,NA,DE_Bad_Bro,48.217898,7.819194,Europe,Germany,Broggingen,Baden-Wurttemberg,16,16,7,7,2020,198,TRUE,NA,BR-1,TR-1,NA,NA,NA,1,40,Wild flies,pooled,Fly trap,NovaSeq6000,DrosEU_3,Fabian Staubach,NA,NA,DrosEu-194,FALSE,5.2,Fail,DIN,Fail,74968532
DE_Bad_Bro_1_2020-10-24,NA,DE_Bad_Bro,48.217898,7.819194,Europe,Germany,Broggingen,Baden-Wurttemberg,24,24,10,10,2020,298,TRUE,NA,BR-1,TR-1,NA,NA,NA,1,40,Wild flies,pooled,Fly trap,NovaSeq6000,DrosEU_3,Fabian Staubach,NA,NA,DrosEu-195,FALSE,5.2,Fail,DIN,Pass,NA
DE_Bad_Bro_1_2021-07-21,NA,DE_Bad_Bro,48.217898,7.819194,Europe,Germany,Broggingen,Baden-Wurttemberg,12,31,7,7,2021,202,FALSE,NA,BR-1,TR-1,NA,NA,NA,1,40,Wild flies,pooled,Fly trap,NovaSeq6000,DrosEU_3,Fabian Staubach,NA,NA,DrosEu-189,FALSE,6.6,Hold,DIN,Pass,63388486
DE_Bad_Bro_1_2021-10-20,NA,DE_Bad_Bro,48.217898,7.819194,Europe,Germany,Broggingen,Baden-Wurttemberg,17,23,10,10,2021,293,FALSE,NA,BR-1,TR-1,NA,NA,NA,1,40,Wild flies,pooled,Fly trap,NovaSeq6000,DrosEU_3,Fabian Staubach,NA,NA,DrosEu-190,FALSE,8.1,Pass,NA,Pass,67582736
DE_Bad_Wal_1_2019-10-02,NA,DE_Bad_Wal,47.622135,8.217058,Europe,Germany,Waldshut,Baden-Wurttemberg,2,2,10,10,2019,275,TRUE,NA,BR-1,TR-1,NA,NA,Apples,1,40,Wild flies,pooled,Fly trap,NovaSeq6000,DrosEU_3,Christian Feller,NA,NA,DrosEu-171,FALSE,6,Hold,DIN,Pass,NA
DE_Bad_Wal_1_2020-10-02,NA,DE_Bad_Wal,47.622135,8.217058,Europe,Germany,Waldshut,Baden-Wurttemberg,2,2,10,10,2020,276,TRUE,NA,BR-1,TR-1,NA,NA,Apples,1,20,Wild flies,pooled,Fly trap,NovaSeq6000,DrosEU_3,Christian Feller,NA,NA,DrosEu-117,FALSE,5.7,Fail,DIN,Fail,79008710
DE_Bay_Mun_1_2014-06-19,DE_Mun_14_31,DE_Bay_Mun,48.18,11.61,Europe,Germany,Munich,Bayern,19,19,6,6,2014,170,TRUE,spring,BR-1,TR-1,NA,NA,NA,1,40,wild_caught_and_F1,pooled,NA,NextSeq 500,DrosEU,John_Parsch,SRR5647744,https://doi.org/10.1093/molbev/msab259,NA,NA,NA,NA,NA,NA,NA
DE_Bay_Mun_1_2014-09-03,DE_Mun_14_32,DE_Bay_Mun,48.18,11.61,Europe,Germany,Munich,Bayern,3,3,9,9,2014,246,TRUE,fall,BR-1,TR-1,NA,NA,NA,1,40,wild_caught_and_F1,pooled,NA,NextSeq 500,DrosEU,John_Parsch,SRR5647745,https://doi.org/10.1093/molbev/msab259,NA,NA,NA,NA,NA,NA,NA
DE_Bay_Mun_1_2015-06-01,DE_Mun_15_45,DE_Bay_Mun,48.18,11.61,Europe,Germany,Munich,Bayern,1,1,6,6,2015,152,TRUE,spring,BR-1,TR-1,NA,NA,NA,1,40,wild_caught_and_F1,pooled,NA,HiSeq X Ten,DrosEU,Eliza_Argyridou,SRR8439125,https://doi.org/10.1093/molbev/msab259,NA,NA,NA,NA,NA,NA,NA
DE_Bay_Mun_1_2015-09-01,DE_Mun_15_46,DE_Bay_Mun,48.18,11.61,Europe,Germany,Munich,Bayern,1,1,9,9,2015,244,TRUE,fall,BR-1,TR-1,NA,NA,NA,1,40,wild_caught_and_F1,pooled,NA,HiSeq X Ten,DrosEU,Eliza_Argyridou,SRR8439124,https://doi.org/10.1093/molbev/msab259,NA,NA,NA,NA,NA,NA,NA
DE_Bay_Mun_1_2016-06-25,DE_Mun_16_12,DE_Bay_Mun,48.18,11.61,Europe,Germany,Munich,Bayern,25,25,6,6,2016,177,TRUE,spring,BR-1,TR-1,NA,NA,NA,1,40,wild_caught_and_F1,pooled,NA,HiSeq X Ten,DrosEU,John_Parsch,SRR8494451,https://doi.org/10.1093/molbev/msab259,NA,NA,NA,NA,NA,NA,NA
DE_Bay_Mun_1_2016-09-01,DE_Mun_16_13,DE_Bay_Mun,48.18,11.61,Europe,Germany,Munich,Bayern,1,1,9,9,2016,245,TRUE,fall,BR-1,TR-1,NA,NA,NA,1,40,wild_caught_and_F1,pooled,NA,HiSeq X Ten,DrosEU,John_Parsch,SRR8494454,https://doi.org/10.1093/molbev/msab259,NA,NA,NA,NA,NA,NA,NA
DE_Bay_Mun_1_2017-06-20,NA,DE_Bay_Mun,48.18,11.61,Europe,Germany,Munich,Bayern,20,20,6,6,2017,171,TRUE,NA,BR-1,TR-1,NA,NA,Apple+Yeast,1,40,Wild flies,pooled,Fly trap,NovaSeq6000,DrosEU_3,John Parsch,NA,NA,DrosEu-231,FALSE,4.8,Fail,DIN,Fail,79023794
DE_Bay_Mun_1_2017-09-03,NA,DE_Bay_Mun,48.18,11.61,Europe,Germany,Munich,Bayern,3,3,9,9,2017,246,TRUE,NA,BR-1,TR-1,NA,NA,Apple+Yeast,1,40,Wild flies,pooled,Fly trap,NovaSeq6000,DrosEU_3,John Parsch,NA,NA,DrosEu-232,FALSE,5.8,Fail,DIN,Pass,NA
DE_Bay_Mun_1_2018-06-25,NA,DE_Bay_Mun,48.18,11.61,Europe,Germany,Munich,Bayern,25,25,6,6,2018,176,TRUE,NA,BR-1,TR-1,NA,NA,Apple+Yeast,1,40,Wild flies,pooled,Fly trap,NovaSeq6000,DrosEU_3,John Parsch,NA,NA,DrosEu-144,TRUE,3.9,Fail,DIN,No sequencing,NA
DE_Bay_Mun_1_2018-09-09,NA,DE_Bay_Mun,48.18,11.61,Europe,Germany,Munich,Bayern,9,9,9,9,2018,252,TRUE,NA,BR-1,TR-1,NA,NA,Apple+Yeast,1,40,Wild flies,pooled,Fly trap,NovaSeq6000,DrosEU_3,John Parsch,NA,NA,DrosEu-145,FALSE,5.7,Fail,DIN,Fail,82710116
DE_Bay_Mun_1_2019-06-22,NA,DE_Bay_Mun,48.18,11.61,Europe,Germany,Munich,Bayern,22,22,6,6,2019,173,TRUE,NA,BR-1,TR-1,NA,NA,Apple+Yeast,1,40,Wild flies,pooled,Fly trap,NovaSeq6000,DrosEU_3,Jonh Parsch,NA,NA,DrosEu-91,FALSE,6.6,Hold,DIN,Pass,60137378
DE_Bay_Mun_1_2019-09-02,NA,DE_Bay_Mun,48.18,11.61,Europe,Germany,Munich,Bayern,2,2,9,9,2019,245,TRUE,NA,BR-1,TR-1,NA,NA,Apple+Yeast,1,40,Wild flies,pooled,Fly trap,NovaSeq6000,DrosEU_3,Jonh Parsch,NA,NA,DrosEu-94,FALSE,6.8,Hold,DIN,Pass,70308422
DE_Bay_Mun_1_2020-06-25,NA,DE_Bay_Mun,48.18,11.61,Europe,Germany,Munich,Bayern,25,25,6,6,2020,177,TRUE,NA,BR-1,TR-1,NA,NA,Apple+Yeast,1,40,Wild flies,pooled,Fly trap,NovaSeq6000,DrosEU_3,John Parsch,NA,NA,DrosEu-92,TRUE,2.8,Fail,DIN,No sequencing,NA
DE_Bay_Mun_1_2020-09-05,NA,DE_Bay_Mun,48.18,11.61,Europe,Germany,Munich,Bayern,5,5,9,9,2020,249,TRUE,NA,BR-1,TR-1,NA,NA,Apple+Yeast,1,40,Wild flies,pooled,Fly trap,NovaSeq6000,DrosEU_3,John Parsch,NA,NA,DrosEu-95,FALSE,6.8,Hold,DIN,Pass,62311364
DE_Bay_Mun_1_2021-06-25,NA,DE_Bay_Mun,48.18,11.61,Europe,Germany,Munich,Bayern,25,25,6,6,2021,176,TRUE,NA,BR-1,TR-1,NA,NA,Apple+Yeast,1,40,Wild flies,pooled,Fly trap,NovaSeq6000,DrosEU_3,John Parsch,NA,NA,DrosEu-93,FALSE,5.2,Fail,DIN,Pass,NA
DE_Bay_Mun_1_2021-09-04,NA,DE_Bay_Mun,48.18,11.61,Europe,Germany,Munich,Bayern,4,4,9,9,2021,247,TRUE,NA,BR-1,TR-1,NA,NA,Apple+Yeast,1,40,Wild flies,pooled,Fly trap,NovaSeq6000,DrosEU_3,John Parsch,NA,NA,DrosEu-96,TRUE,4.5,Fail,DIN,No sequencing,NA
DE_Bay_Wue_1_2020-07-18,NA,DE_Bay_Wue,49.780082,9.974293,Europe,Germany,Wuerzburg,Bayern,8,29,7,7,2020,200,FALSE,NA,BR-1,TR-1,NA,NA,Apples + yeast,1,40,Wild flies,pooled,Fly trap,NovaSeq6000,DrosEU_3,Christian Wegener; Susanne Kluhspies,NA,NA,DrosEu-105,FALSE,6.2,Hold,DIN,Pass,68017570
DE_Bay_Wue_1_2020-09-23,NA,DE_Bay_Wue,49.778659,9.975929,Europe,Germany,Wuerzburg,Bayern,23,23,9,9,2020,267,TRUE,NA,BR-1,TR-1,NA,NA,Grapes,1,40,Wild flies,pooled,Sweep netting,NovaSeq6000,DrosEU_3,Christian Wegener; Susanne Kluhspies,NA,NA,DrosEu-106,FALSE,6.4,Hold,DIN,Pass,67361446
DE_Bay_Wue_1_2021-07-27,NA,DE_Bay_Wue,49.778659,9.975929,Europe,Germany,Wuerzburg,Bayern,20,4,7,8,2021,208,FALSE,NA,BR-1,TR-1,NA,NA,Apples + yeast,1,40,Wild flies,pooled,Fly trap,NovaSeq6000,DrosEU_3,Christian Wegener; Susanne Kluhspies,NA,NA,DrosEu-49,FALSE,5,Fail,DIN,Pass,NA
DE_Bay_Wue_1_2021-10-18,NA,DE_Bay_Wue,49.780082,9.974293,Europe,Germany,Wuerzburg,Bayern,18,18,10,10,2021,291,TRUE,NA,BR-1,TR-1,NA,NA,Grapes,1,40,Wild flies,pooled,Sweep netting,NovaSeq6000,DrosEU_3,Christian Wegener; Susanne Kluhspies,NA,NA,DrosEu-48,FALSE,6.7,Hold,DIN,Pass,NA
DE_Bra_Ber_1_2021-07-24,NA,DE_Bra_Ber,52.69907,13.07596,Europe,Germany,Berlin,Brandenburg,24,24,7,7,2021,205,TRUE,NA,BR-1,TR-1,NA,Oberkramer - SL Gartenbau,Banana+Yeast; Apple+Yeast,1,40,Wild flies,pooled,Fly trap,NovaSeq6000,DrosEU_3,Bengisu Subasi,NA,NA,DrosEu-78,FALSE,6.7,Hold,DIN,Pass,68601750
DE_Bra_Ber_2_2021-07-24,NA,DE_Bra_Ber,52.38012,12.86791,Europe,Germany,Berlin,Brandenburg,24,24,7,7,2021,205,TRUE,NA,BR-1,TR-1,NA,Obsthof Lindecke,Banana+Yeast; Apple+Yeast,2,40,Wild flies,pooled,Fly trap,NovaSeq6000,DrosEU_3,Bengisu Subasi,NA,NA,DrosEu-97,FALSE,6.5,Hold,DIN,Pass,NA
DK_Mid_Kar_1_2014-09-01,DK_Kar_14_39,DK_Mid_Kar,55.945128,10.212586,Europe,Denmark,Karensminde,Midtjylland,1,1,9,9,2014,244,TRUE,fall,BR-1,TR-1,NA,NA,NA,1,40,wild,pooled,NA,NextSeq 500,DrosEU,Mads_Fristrup_Schou,SRR5647772,https://doi.org/10.1093/molbev/msab259,NA,NA,NA,NA,NA,NA,NA
DK_Mid_Kar_1_2014-11-25,DK_Kar_14_41,DK_Mid_Kar,55.945128,10.212586,Europe,Denmark,Karensminde,Midtjylland,25,25,11,11,2014,329,TRUE,fall,BR-1,TR-1,NA,NA,NA,1,40,wild,pooled,NA,NextSeq 500,DrosEU,Mads_Fristrup_Schou,SRR5647771,https://doi.org/10.1093/molbev/msab259,NA,NA,NA,NA,NA,NA,NA
DK_Mid_Kar_1_2016-06-08,DK_Kar_16_2,DK_Mid_Kar,55.945128,10.212586,Europe,Denmark,Karensminde,Midtjylland,8,8,6,6,2016,160,TRUE,spring,BR-1,TR-1,NA,NA,NA,1,40,wild,pooled,NA,HiSeq X Ten,DrosEU,Mads_Fristrup_Schou,SRR8494440,https://doi.org/10.1093/molbev/msab259,NA,NA,NA,NA,NA,NA,NA
DK_Mid_Kar_1_2016-09-15,DK_Kar_16_3,DK_Mid_Kar,55.945128,10.212586,Europe,Denmark,Karensminde,Midtjylland,15,15,9,9,2016,259,TRUE,fall,BR-1,TR-1,NA,NA,NA,1,40,wild,pooled,NA,HiSeq X Ten,DrosEU,Mads_Fristrup_Schou,SRR8494438,https://doi.org/10.1093/molbev/msab259,NA,NA,NA,NA,NA,NA,NA
DK_Mid_Kar_1_2016-11-22,DK_Kar_16_4,DK_Mid_Kar,55.945128,10.212586,Europe,Denmark,Karensminde,Midtjylland,22,22,11,11,2016,327,TRUE,fall,BR-1,TR-1,NA,NA,NA,1,40,wild,pooled,NA,HiSeq X Ten,DrosEU,Mads_Fristrup_Schou,SRR8494437,https://doi.org/10.1093/molbev/msab259,NA,NA,NA,NA,NA,NA,NA
DK_Mid_Kar_1_2017-08-08,NA,DK_Mid_Kar,55.945128,10.212586,Europe,Denmark,Karensminde,Midtjylland,8,8,8,8,2017,220,TRUE,NA,BR-1,TR-1,NA,NA,NA,1,40,Wild flies,pooled,Sweep netting,NovaSeq6000,DrosEU_3,Mads F. Schou,NA,NA,DrosEu-234,FALSE,6.5,Hold,DIN,Pass,NA
DK_Mid_Kar_1_2018-06-30,NA,DK_Mid_Kar,55.945128,10.212586,Europe,Denmark,Karensminde,Midtjylland,26,4,6,7,2018,181,FALSE,NA,BR-1,TR-1,NA,NA,NA,1,39,Wild flies,pooled,Sweep netting,NovaSeq6000,DrosEU_3,Trine Bech Sogaard,NA,NA,DrosEu-174,FALSE,6.2,Hold,DIN,Pass,NA
DK_Mid_Kar_1_2018-10-05,NA,DK_Mid_Kar,55.945128,10.212586,Europe,Denmark,Karensminde,Midtjylland,5,5,10,10,2018,278,TRUE,NA,BR-1,TR-1,NA,NA,NA,1,40,Wild flies,pooled,Sweep netting,NovaSeq6000,DrosEU_3,Mads F. Schou,NA,NA,DrosEu-175,FALSE,6.4,Hold,DIN,Pass,NA
DK_Mid_Kar_1_2019-07-09,NA,DK_Mid_Kar,55.945128,10.212586,Europe,Denmark,Karensminde,Midtjylland,9,9,7,7,2019,190,TRUE,NA,BR-1,TR-1,NA,NA,NA,1,40,Wild flies,pooled,Sweep netting,NovaSeq6000,DrosEU_3,Trine Bech Sogaard,NA,NA,DrosEu-168,FALSE,6.7,Hold,DIN,Pass,NA
DK_Mid_Kar_1_2019-10-01,NA,DK_Mid_Kar,55.945128,10.212586,Europe,Denmark,Karensminde,Midtjylland,1,1,10,10,2019,274,TRUE,NA,BR-1,TR-1,NA,NA,NA,1,40,Wild flies,pooled,Sweep netting,NovaSeq6000,DrosEU_3,Mads F. Schou,NA,NA,DrosEu-237,FALSE,6.5,Hold,DIN,Pass,70108250
DK_Mid_Kar_1_2020-07-31,NA,DK_Mid_Kar,55.945128,10.212586,Europe,Denmark,Karensminde,Midtjylland,31,31,7,7,2020,213,TRUE,NA,BR-1,TR-1,NA,NA,?,1,35,Wild flies,pooled,Sweep netting,NovaSeq6000,DrosEU_3,Jesper G. Sorensen,NA,NA,DrosEu-114,FALSE,6.7,Hold,DIN,Pass,60865696
DK_Mid_Kar_1_2020-10-31,NA,DK_Mid_Kar,55.945128,10.212586,Europe,Denmark,Karensminde,Midtjylland,31,31,10,10,2020,305,TRUE,NA,BR-1,TR-1,NA,NA,?,1,40,Wild flies,pooled,Sweep netting,NovaSeq6000,DrosEU_3,Jesper G. Sorensen,NA,NA,DrosEu-115,FALSE,6,Hold,DIN,Pass,NA
ES_Bal_Tom_1_2021-10-07,NA,ES_Bal_Tom,39.1689,2.9849,Europe,Spain,Tomelloso,Baleares,7,7,10,10,2021,280,TRUE,NA,BR-1,TR-1,NA,NA,Melon,1,32,Wild flies,pooled,Aspirator,NovaSeq6000,DrosEU_3,Antonio J Buendia-Ruiz; Maria Josefa Gomez-Julian; Maria Luisa Espinosa-Jimenez,NA,NA,DrosEu-17,FALSE,6.4,Hold,DIN,Pass,NA
ES_Bar_Bar_1_2012-07-13,ES_ba_12_spring,ES_Bar_Bar,41.38,2.17,Europe,Spain,Barcelona,Barcelona,13,13,7,7,2012,195,TRUE,spring,BR-1,TR-1,NA,NA,NA,1,55,wild,pooled,NA,Illumina HiSeq 2000,DrosRTEC,J._Gonzalez,SRR3590549,https://doi.org/10.1093/molbev/msab259,NA,NA,NA,NA,NA,NA,NA
ES_Bar_Bar_1_2012-10-16,ES_ba_12_fall,ES_Bar_Bar,41.38,2.17,Europe,Spain,Barcelona,Barcelona,1,30,10,10,2012,290,FALSE,fall,BR-1,TR-1,NA,NA,NA,1,29,wild,pooled,NA,Illumina HiSeq 2000,DrosRTEC,J._Gonzalez,SRR3590548,https://doi.org/10.1093/molbev/msab259,NA,NA,NA,NA,NA,NA,NA
ES_Ciu_Man_1_2020-08-10,NA,ES_Ciu_Man,38.9707208053836,-3.4072120460269,Europe,Spain,Manzanares,Ciudad Real,10,10,8,8,2020,223,TRUE,NA,BR-1,TR-1,NA,NA,Melon,1,30,Wild flies,pooled,Aspirator,NovaSeq6000,DrosEU_3,Jose Luis Olmo,NA,NA,DrosEu-14,FALSE,6.1,Hold,DIN,Pass,NA
ES_Ciu_Tom_1_2015-09-17,ES_Tom_15_29,ES_Ciu_Tom,39.15805,-3.021,Europe,Spain,Tomelloso,Ciudad Real,17,17,9,9,2015,260,TRUE,fall,BR-1,TR-1,NA,NA,NA,1,40,wild,pooled,NA,HiSeq X Ten,DrosEU,Roberto_Torres_and_Josefa_Gonz������lez,SRR8439137,https://doi.org/10.1093/molbev/msab259,NA,NA,NA,NA,NA,NA,NA
ES_Ciu_Tom_1_2015-10-08,ES_Tom_15_28,ES_Ciu_Tom,39.15805,-3.021,Europe,Spain,Tomelloso,Ciudad Real,8,8,10,10,2015,281,TRUE,fall,BR-1,TR-1,NA,NA,NA,1,40,wild,pooled,NA,HiSeq X Ten,DrosEU,Roberto_Torres_and_Josefa_Gonz������lez,SRR8439136,https://doi.org/10.1093/molbev/msab259,NA,NA,NA,NA,NA,NA,NA
ES_Ciu_Tom_1_2016-09-02,ES_Tom_16_36,ES_Ciu_Tom,39.152529,-3.0616048,Europe,Spain,Tomelloso,Ciudad Real,2,2,9,9,2016,246,TRUE,fall,BR-1,TR-1,NA,NA,NA,1,40,wild,pooled,NA,HiSeq X Ten,DrosEU,Vivien_Horvath;_Miriam_Merenciano,SRR8494461,https://doi.org/10.1093/molbev/msab259,NA,NA,NA,NA,NA,NA,NA
ES_Ciu_Tom_1_2016-10-11,ES_Tom_16_37,ES_Ciu_Tom,39.152529,-3.0616048,Europe,Spain,Tomelloso,Ciudad Real,11,11,10,10,2016,285,TRUE,fall,BR-1,TR-1,NA,NA,NA,1,40,wild,pooled,NA,HiSeq X Ten,DrosEU,Josefa_Gonzalez_and_IES_Eladio_Caba������ero,SRR8494460,https://doi.org/10.1093/molbev/msab259,NA,NA,NA,NA,NA,NA,NA
ES_Ciu_Tom_1_2017-10-04,NA,ES_Ciu_Tom,39.1567614,-3.0497293,Europe,Spain,Tomelloso,Ciudad Real,4,4,10,10,2017,277,TRUE,NA,BR-1,TR-1,NA,NA,Water melon,1,40,Wild flies,pooled,Aspirator,NovaSeq6000,DrosEU_3,Miriam Merenciano; Maria Bogaerts-Marquez; Antonio J Buendia-Ruiz; Maria Josefa Gomez-Julian; Maria Luisa Espinosa-Jimenez,NA,NA,DrosEu-1,FALSE,6.7,Hold,DIN,Pass,NA
ES_Ciu_Tom_1_2018-10-03,NA,ES_Ciu_Tom,39.17,-2.97,Europe,Spain,Tomelloso,Ciudad Real,3,3,10,10,2018,276,TRUE,NA,BR-1,TR-1,NA,NA,Melon,1,40,Wild flies,pooled,Aspirator,NovaSeq6000,DrosEU_3,Antonio J Buendia-Ruiz; Maria Josefa Gomez-Julian; Maria Luisa Espinosa-Jimenez,NA,NA,DrosEu-12,FALSE,6.6,Hold,DIN,Pass,NA
ES_Ciu_Tom_1_2020-09-30,NA,ES_Ciu_Tom,39.1567614,-3.0497293,Europe,Spain,Tomelloso,Ciudad Real,29,30,9,9,2020,274,FALSE,NA,BR-1,TR-1,NA,NA,Melon,1,40,Wild flies,pooled,Aspirator,NovaSeq6000,DrosEU_3,Antonio J Buendia-Ruiz; Maria Josefa Gomez-Julian; Maria Luisa Espinosa-Jimenez,NA,NA,DrosEu-16,FALSE,5,Fail,DIN,Pass,NA
ES_Gra_Ben_1_2016-10-08,ES_Ben_16_32,ES_Gra_Ben,37.353733,-3.167179,Europe,Spain,Benalua,Granada,8,8,10,10,2016,282,TRUE,fall,BR-1,TR-1,NA,NA,NA,1,40,wild,pooled,NA,HiSeq X Ten,DrosEU,Josefa_Gonzalez_and_IES_Jose_de_Mora,SRR8494475,https://doi.org/10.1093/molbev/msab259,NA,NA,NA,NA,NA,NA,NA
ES_Gra_Ben_1_2017-10-05,NA,ES_Gra_Ben,37.363279,-3.168799,Europe,Spain,Benalua,Granada,5,5,10,10,2017,278,TRUE,NA,BR-1,TR-1,NA,NA,Peach,1,40,Wild flies,pooled,Aspirator,NovaSeq6000,DrosEU_3,Miriam Merenciano; Maria Bogaerts-Marquez; Silvana Castillo,NA,NA,DrosEu-4,FALSE,6.4,Hold,DIN,Pass,NA
ES_Gra_Cor_1_2015-08-08,ES_Cor_15_33,ES_Gra_Cor,37.661547,-2.79631,Europe,Spain,Cortes de Baza,Granada,8,8,8,8,2015,220,TRUE,spring,BR-1,TR-1,NA,NA,NA,1,40,wild,pooled,NA,HiSeq X Ten,DrosEU,Lain_Guio_and_Anna__Ullastres_(Gonzalez_lab),SRR8439163,https://doi.org/10.1093/molbev/msab259,NA,NA,NA,NA,NA,NA,NA
ES_Gra_Cor_1_2017-07-28,NA,ES_Gra_Cor,37.6617732605881,-2.79623534604702,Europe,Spain,Cortes de Baza,Granada,28,28,7,7,2017,209,TRUE,NA,BR-1,TR-1,NA,NA,Peach,1,40,Wild flies,pooled,Aspirator,NovaSeq6000,DrosEU_3,Miriam Merenciano and Maria Bogaerts-Marquez,NA,NA,DrosEu-2,FALSE,6.4,Hold,DIN,Pass,NA
ES_Gra_Gua_1_2015-09-12,ES_Gua_15_32,ES_Gra_Gua,37.3308,-3.173416,Europe,Spain,Guadix,Granada,12,12,9,9,2015,255,TRUE,fall,BR-1,TR-1,NA,NA,NA,1,40,wild,pooled,NA,HiSeq X Ten,DrosEU,Anna_Ullastres_and_Miriam_Merenciano_(Gonzalez_lab),SRR8439164,https://doi.org/10.1093/molbev/msab259,NA,NA,NA,NA,NA,NA,NA
ES_Gra_Pur_1_2016-08-30,ES_Pur_16_35,ES_Gra_Pur,37.3377875,-3.1786148,Europe,Spain,Purullena,Granada,30,30,8,8,2016,243,TRUE,spring,BR-1,TR-1,NA,El Bejar�n (Guadix),NA,1,40,wild,pooled,NA,HiSeq X Ten,DrosEU,Vivien_Horvath;_Miriam_Merenciano,SRR8494462,https://doi.org/10.1093/molbev/msab259,NA,NA,NA,NA,NA,NA,NA
ES_Ler_Gim_1_2014-08-13,ES_Gim_14_35,ES_Ler_Gim,41.6175899,0.6200146,Europe,Spain,Gimenells,Lerida,13,13,8,8,2014,225,TRUE,spring,BR-1,TR-1,NA,NA,NA,1,40,wild,pooled,NA,NextSeq 500,DrosEU,Lain_Guio,SRR5647776,https://doi.org/10.1093/molbev/msab259,NA,NA,NA,NA,NA,NA,NA
ES_Ler_Gim_1_2014-10-20,ES_Gim_14_34,ES_Ler_Gim,41.6175899,0.6200146,Europe,Spain,Gimenells,Lerida,20,20,10,10,2014,293,TRUE,fall,BR-1,TR-1,NA,NA,NA,1,40,wild,pooled,NA,NextSeq 500,DrosEU,Lain_Guio,SRR5647769,https://doi.org/10.1093/molbev/msab259,NA,NA,NA,NA,NA,NA,NA
ES_Ler_Gim_1_2015-06-28,ES_Gim_15_30,ES_Ler_Gim,41.656416,0.388472,Europe,Spain,Gimenells,Lerida,28,28,6,6,2015,179,TRUE,spring,BR-1,TR-1,NA,NA,NA,1,40,wild,pooled,NA,HiSeq X Ten,DrosEU,Marta_Pascual,SRR8439138,https://doi.org/10.1093/molbev/msab259,NA,NA,NA,NA,NA,NA,NA
ES_Ler_Gim_1_2015-10-22,ES_Gim_15_31,ES_Ler_Gim,41.656416,0.388472,Europe,Spain,Gimenells,Lerida,22,22,10,10,2015,295,TRUE,fall,BR-1,TR-1,NA,NA,NA,1,40,wild,pooled,NA,HiSeq X Ten,DrosEU,Maria_Pilar_Garcia-Guerreiro,SRR8439168,https://doi.org/10.1093/molbev/msab259,NA,NA,NA,NA,NA,NA,NA
ES_Ler_Gim_1_2016-08-25,ES_Gim_16_33,ES_Ler_Gim,41.656416,0.388472,Europe,Spain,Gimenells,Lerida,25,25,8,8,2016,238,TRUE,spring,BR-1,TR-1,NA,NA,NA,1,40,wild,pooled,NA,HiSeq X Ten,DrosEU,Pilar_GARCIA_GUERREIRO,SRR8494470,https://doi.org/10.1093/molbev/msab259,NA,NA,NA,NA,NA,NA,NA
ES_Ler_Gim_1_2016-10-21,ES_Gim_16_34,ES_Ler_Gim,41.656416,0.388472,Europe,Spain,Gimenells,Lerida,21,21,10,10,2016,295,TRUE,fall,BR-1,TR-1,NA,NA,NA,1,40,wild,pooled,NA,HiSeq X Ten,DrosEU,Dorcas_Orengo;_Eva_Puerma,SRR8494472,https://doi.org/10.1093/molbev/msab259,NA,NA,NA,NA,NA,NA,NA
ES_Ler_Gim_1_2017-07-24,NA,ES_Ler_Gim,41.65,0.38,Europe,Spain,Gimenells,Lerida,24,24,7,7,2017,205,TRUE,NA,BR-1,TR-1,NA,NA,Pears and apples,1,40,Wild flies,pooled,Sweep netting,NovaSeq6000,DrosEU_3,Pilar Garcia and Eva Puerma,NA,NA,DrosEu-3,FALSE,6.4,Hold,DIN,Pass,NA
ES_Ler_Gim_1_2017-10-14,NA,ES_Ler_Gim,41.656416,0.388472,Europe,Spain,Gimenells,Lerida,14,14,10,10,2017,287,TRUE,NA,BR-1,TR-1,NA,NA,over fallen Apples and pears,1,40,Wild flies,pooled,Sweep netting,NovaSeq6000,DrosEU_3,Marta Pascual,NA,NA,DrosEu-5,FALSE,5.9,Fail,DIN,Pass,NA
ES_Ler_Gim_1_2018-08-25,NA,ES_Ler_Gim,41.656416,0.388472,Europe,Spain,Gimenells,Lerida,25,25,8,8,2018,237,TRUE,NA,BR-1,TR-1,NA,NA,over fallen Apples and pears,1,40,Wild flies,pooled,Sweep netting,NovaSeq6000,DrosEU_3,Marta Pascual,NA,NA,DrosEu-7,FALSE,6.3,Hold,DIN,Pass,NA
ES_Ler_Gim_1_2018-10-26,NA,ES_Ler_Gim,41.65,0.38,Europe,Spain,Gimenells,Lerida,26,26,10,10,2018,299,TRUE,NA,BR-1,TR-1,NA,NA,NA,1,40,Wild flies,pooled,Sweep netting,NovaSeq6000,DrosEU_3,Eva Puerma / Dorcas Orengo / Carlos Arboleda-Bustos,NA,NA,DrosEu-6,FALSE,6.4,Hold,DIN,Pass,NA
ES_Ler_Gim_1_2019-08-25,NA,ES_Ler_Gim,41.656416,0.388472,Europe,Spain,Gimenells,Lerida,25,25,8,8,2019,237,TRUE,NA,BR-1,TR-1,NA,NA,over fallen Apples and pears,1,40,Wild flies,pooled,Sweep netting,NovaSeq6000,DrosEU_3,Marta Pascual,NA,NA,DrosEu-13,FALSE,6.6,Hold,DIN,Pass,NA
ES_Ler_Gim_1_2020-10-26,NA,ES_Ler_Gim,41.656416,0.388472,Europe,Spain,Gimenells,Lerida,24,28,10,10,2020,300,FALSE,NA,BR-1,TR-1,NA,NA,NA,1,27,Wild flies,pooled,Sweep netting,NovaSeq6000,DrosEU_3,Alex Sanchez,NA,NA,DrosEu-15,FALSE,5.5,Fail,DIN,Pass,NA
ES_Ler_Gim_1_2021-08-31,NA,ES_Ler_Gim,41.651944,0.388889,Europe,Spain,Gimenells,Lerida,31,31,8,8,2021,243,TRUE,NA,BR-1,TR-1,NA,NA,Pears+Apples,1,23,Wild flies,pooled,Sweep netting,NovaSeq6000,DrosEU_3,Pilar Garcia; Antonio Barbadilla; Sonia Casillas,NA,NA,DrosEu-18,FALSE,4.4,Fail,DIN,Pass,77712426
ES_Ler_Pin_1_2018-10-10,NA,ES_Ler_Pin,41.485,0.522,Europe,Spain,Pina de Ebro,Lerida,10,10,10,10,2018,283,TRUE,NA,BR-1,TR-1,NA,NA,Peach,1,18,Wild flies,pooled,Aspirator,NovaSeq6000,DrosEU_3,Zahara Alonso,NA,NA,DrosEu-11,FALSE,5.9,Fail,DIN,Pass,NA
ES_Mad_Yep_1_2018-11-06,NA,ES_Mad_Yep,40.06,-3.53,Europe,Spain,Yepes,Madrid,6,6,11,11,2018,310,TRUE,NA,BR-1,TR-1,NA,NA,Melon,1,32,Wild flies,pooled,Aspirator,NovaSeq6000,DrosEU_3,Paloma Sepulveda,NA,NA,DrosEu-10,FALSE,5.9,Fail,DIN,Pass,NA
ES_Tol_Vil_1_2018-10-07,NA,ES_Tol_Vil,39.87,-3.32,Europe,Spain,Villatobas,Toledo,7,7,10,10,2018,280,TRUE,NA,BR-1,TR-1,NA,NA,Melon,1,40,Wild flies,pooled,Aspirator,NovaSeq6000,DrosEU_3,Belen Roldan,NA,NA,DrosEu-8,FALSE,6.3,Hold,DIN,Pass,NA
ES_Zam_Ose_1_2018-09-20,NA,ES_Zam_Ose,41.53,-5.68,Europe,Spain,Osera de Ebro,Zamora,20,20,9,9,2018,263,TRUE,NA,BR-1,TR-1,NA,NA,Pears,1,40,Wild flies,pooled,Aspirator,NovaSeq6000,DrosEU_3,Joan Torro,NA,NA,DrosEu-9,FALSE,6.1,Hold,DIN,Pass,NA
FI_Cen_Jyv_1_2019-09-19,NA,FI_Cen_Jyv,62,25,Europe,Finland,Jyvaskyla,Central Finland,19,19,9,9,2019,262,TRUE,NA,BR-1,TR-1,NA,NA,Apples,1,20,Wild flies,pooled,Fly trap,NovaSeq6000,DrosEU_3,Venera Tyukmaeva,NA,NA,DrosEu-167,FALSE,6,Hold,DIN,Pass,NA
FI_Cen_Ves_1_2014-07-26,FI_Ves_14_38,FI_Cen_Ves,62.55,26.24,Europe,Finland,Vesanto,Central Finland,26,26,7,7,2014,207,TRUE,spring,BR-1,TR-1,NA,NA,NA,1,33,wild,pooled,NA,NextSeq 500,DrosEU,Maaria_Kankare,SRR5647773,https://doi.org/10.1093/molbev/msab259,NA,NA,NA,NA,NA,NA,NA
FI_Cen_Ves_1_2016-07-29,FI_Ves_16_7,FI_Cen_Ves,62.55,26.24,Europe,Finland,Vesanto,Central Finland,29,29,7,7,2016,211,TRUE,spring,BR-1,TR-1,NA,NA,NA,1,40,wild,pooled,NA,HiSeq X Ten,DrosEU,Maaria_Kankare,SRR8494442,https://doi.org/10.1093/molbev/msab259,NA,NA,NA,NA,NA,NA,NA
FI_Pir_Aka_1_2014-07-25,FI_Aka_14_36,FI_Pir_Aka,61.1,23.52,Europe,Finland,Akaa,Pirkanmaa,25,25,7,7,2014,206,TRUE,spring,BR-1,TR-1,NA,NA,NA,1,40,wild,pooled,NA,NextSeq 500,DrosEU,Maaria_Kankare,SRR5647775,https://doi.org/10.1093/molbev/msab259,NA,NA,NA,NA,NA,NA,NA
FI_Pir_Aka_1_2014-08-27,FI_Aka_14_37,FI_Pir_Aka,61.1,23.52,Europe,Finland,Akaa,Pirkanmaa,27,27,8,8,2014,239,TRUE,spring,BR-1,TR-1,NA,NA,NA,1,40,wild,pooled,NA,NextSeq 500,DrosEU,Maaria_Kankare,SRR5647774,https://doi.org/10.1093/molbev/msab259,NA,NA,NA,NA,NA,NA,NA
FI_Pir_Aka_1_2015-07-21,FI_Aka_15_35,FI_Pir_Aka,61.1,23.52,Europe,Finland,Akaa,Pirkanmaa,21,21,7,7,2015,202,TRUE,spring,BR-1,TR-1,NA,NA,NA,1,40,wild,pooled,NA,HiSeq X Ten,DrosEU,Maaria_Kankare,SRR8439161,https://doi.org/10.1093/molbev/msab259,NA,NA,NA,NA,NA,NA,NA
FI_Pir_Aka_1_2015-10-01,FI_Aka_15_34,FI_Pir_Aka,61.1,23.52,Europe,Finland,Akaa,Pirkanmaa,1,1,10,10,2015,274,TRUE,fall,BR-1,TR-1,NA,NA,NA,1,40,wild,pooled,NA,HiSeq X Ten,DrosEU,Maaria_Kankare,SRR8439162,https://doi.org/10.1093/molbev/msab259,NA,NA,NA,NA,NA,NA,NA
FI_Pir_Aka_1_2016-07-24,FI_Aka_16_5,FI_Pir_Aka,61.1,23.52,Europe,Finland,Akaa,Pirkanmaa,24,24,7,7,2016,206,TRUE,spring,BR-1,TR-1,NA,NA,NA,1,40,wild,pooled,NA,HiSeq X Ten,DrosEU,Maaria_Kankare,SRR8494445,https://doi.org/10.1093/molbev/msab259,NA,NA,NA,NA,NA,NA,NA
FI_Pir_Aka_1_2016-09-17,FI_Aka_16_6,FI_Pir_Aka,61.1,23.52,Europe,Finland,Akaa,Pirkanmaa,17,17,9,9,2016,261,TRUE,fall,BR-1,TR-1,NA,NA,NA,1,40,wild,pooled,NA,HiSeq X Ten,DrosEU,Maaria_Kankare,SRR8494443,https://doi.org/10.1093/molbev/msab259,NA,NA,NA,NA,NA,NA,NA
FI_Pir_Aka_1_2017-07-20,NA,FI_Pir_Aka,61.1,23.5,Europe,Finland,Akaa,Pirkanmaa,16,24,7,7,2017,201,FALSE,NA,BR-1,TR-1,NA,NA,Berries,1,38,Wild flies,pooled,Aspirator,NovaSeq6000,DrosEU_3,Maaria Kankare,NA,NA,DrosEu-217,FALSE,6.1,Hold,DIN,Pass,NA
FI_Pir_Aka_1_2017-09-25,NA,FI_Pir_Aka,61.1,23.5,Europe,Finland,Akaa,Pirkanmaa,24,25,9,9,2017,268,FALSE,NA,BR-1,TR-1,NA,NA,Berries,1,40,Wild flies,pooled,Aspirator,NovaSeq6000,DrosEU_3,Maaria Kankare,NA,NA,DrosEu-218,FALSE,5.1,Fail,DIN,Pass,NA
FI_Pir_Aka_1_2018-07-17,NA,FI_Pir_Aka,61.1,23.5,Europe,Finland,Akaa,Pirkanmaa,13,21,7,7,2018,198,FALSE,NA,BR-1,TR-1,NA,NA,Berries,1,40,Wild flies,pooled,Fly trap,NovaSeq6000,DrosEU_3,Maaria Kankare,NA,NA,DrosEu-163,FALSE,6.3,Hold,DIN,Pass,NA
FI_Pir_Aka_1_2018-09-20,NA,FI_Pir_Aka,61.1,23.5,Europe,Finland,Akaa,Pirkanmaa,20,20,9,9,2018,263,TRUE,NA,BR-1,TR-1,NA,NA,Berries,1,40,Wild flies,pooled,Fly trap,NovaSeq6000,DrosEU_3,Maaria Kankare,NA,NA,DrosEu-164,FALSE,6.5,Hold,DIN,Pass,NA
FI_Pir_Aka_1_2019-07-19,NA,FI_Pir_Aka,61.1,23.5,Europe,Finland,Akaa,Pirkanmaa,18,19,7,7,2019,200,FALSE,NA,BR-1,TR-1,NA,NA,Berries,1,40,Wild flies,pooled,Fly trap,NovaSeq6000,DrosEU_3,Maaria Kankare,NA,NA,DrosEu-166,FALSE,6.5,Hold,DIN,Pass,60075776
FI_Pir_Aka_1_2019-08-25,NA,FI_Pir_Aka,61.1,23.5,Europe,Finland,Akaa,Pirkanmaa,25,25,8,8,2019,237,TRUE,NA,BR-1,TR-1,NA,NA,Berries,1,40,Wild flies,pooled,Fly trap,NovaSeq6000,DrosEU_3,Maaria Kankare,NA,NA,DrosEu-165,FALSE,6.1,Hold,DIN,Pass,NA
FI_Pir_Aka_1_2020-06-28,NA,FI_Pir_Aka,61.1,23.5,Europe,Finland,Akaa,Pirkanmaa,24,3,6,7,2020,180,FALSE,NA,BR-1,TR-1,NA,NA,Berries,1,40,Wild flies,pooled,Aspirating,NovaSeq6000,DrosEU_3,Maaria Kankare,NA,NA,DrosEu-119,FALSE,5.8,Fail,DIN,Pass,NA
FI_Pir_Aka_1_2020-10-04,NA,FI_Pir_Aka,61.1,23.5,Europe,Finland,Akaa,Pirkanmaa,1,7,10,10,2020,278,FALSE,NA,BR-1,TR-1,NA,NA,Berries,1,26,Wild flies,pooled,Aspirating,NovaSeq6000,DrosEU_3,Maaria Kankare,NA,NA,DrosEu-121,TRUE,2.7,Fail,DIN,No sequencing,NA
FI_Pir_Aka_1_2021-07-07,NA,FI_Pir_Aka,61.1,23.52,Europe,Finland,Akaa,Pirkanmaa,4,9,7,7,2021,188,FALSE,NA,BR-1,TR-1,NA,NA,NA,1,40,Wild flies,pooled,Sweep netting,NovaSeq6000,DrosEU_3,Maaria Kankare,NA,NA,DrosEu-84,FALSE,5.6,Fail,DIN,Pass,NA
FI_Pir_Aka_1_2021-09-17,NA,FI_Pir_Aka,61.1,23.52,Europe,Finland,Akaa,Pirkanmaa,14,19,9,9,2021,260,FALSE,NA,BR-1,TR-1,NA,NA,Berries,1,40,Wild flies,pooled,Sweep netting,NovaSeq6000,DrosEU_3,Maaria Kankare,NA,NA,DrosEu-83,TRUE,3.4,Fail,DIN,No sequencing,NA
FR_Ain_Civ_1_2019-06-15,NA,FR_Ain_Civ,45.921,4.882,Europe,France,Civrieux,Ain,15,15,6,6,2019,166,TRUE,NA,BR-1,TR-1,NA,NA,Banana + yeast,1,40,Wild flies,pooled,Fly trap,NovaSeq6000,DrosEU_3,Cristina Vieira,NA,NA,DrosEu-54,FALSE,6.6,Hold,DIN,Pass,NA
FR_Ain_Ver_1_2017-09-21,NA,FR_Ain_Ver,45.9,4.91,Europe,France,Verot,Ain,21,21,9,9,2017,264,TRUE,NA,BR-1,TR-1,NA,NA,Banana+Yeast,1,40,Wild flies,pooled,Fly trap,NovaSeq6000,DrosEU_3,Cristina Vieira,NA,NA,DrosEu-57,FALSE,5.9,Fail,DIN,Pass,NA
FR_Cot_Mar_1_2020-08-02,NA,FR_Cot_Mar,47.42884,5.0776,Europe,France,Marsannay-le-bois,Cote-d'Or,2,2,8,8,2020,215,TRUE,NA,BR-1,TR-1,NA,NA,Apples,1,40,Wild flies,pooled,Fly trap,NovaSeq6000,DrosEU_3,Margot Paris,NA,NA,DrosEu-100,FALSE,5.7,Fail,DIN,Pass,NA
FR_Cot_Vie_1_2019-10-19,NA,FR_Cot_Vie,47.26735,5.45608,Europe,France,Vielverge,Cote-d'Or,19,19,10,10,2019,292,TRUE,NA,BR-1,TR-1,NA,NA,Apples,1,40,Wild flies,pooled,Fly trap,NovaSeq6000,DrosEU_3,Margot Paris,NA,NA,DrosEu-98,FALSE,6.2,Hold,DIN,Pass,NA
FR_Cot_Vie_1_2020-08-03,NA,FR_Cot_Vie,47.26735,5.45608,Europe,France,Vielverge,Cote-d'Or,3,3,8,8,2020,216,TRUE,NA,BR-1,TR-1,NA,NA,Apples,1,40,Wild flies,pooled,Fly trap,NovaSeq6000,DrosEU_3,Margot Paris,NA,NA,DrosEu-101,FALSE,6.2,Hold,DIN,Pass,68672586
FR_Cot_Vie_1_2021-08-11,NA,FR_Cot_Vie,47.26624,5.45114,Europe,France,Vielverge,Cote-d'Or,11,11,8,8,2021,223,TRUE,NA,BR-1,TR-1,NA,NA,Apples,1,36,Wild flies,pooled,Fly trap,NovaSeq6000,DrosEU_3,Margot Paris,NA,NA,DrosEu-102,FALSE,6.1,Hold,DIN,Pass,72844694
FR_Dro_Got_1_2014-07-08,FR_Got_14_08,FR_Dro_Got,44.976813,4.930005,Europe,France,Gotheron,Drome,8,8,7,7,2014,189,TRUE,spring,BR-1,TR-1,NA,NA,NA,1,40,wild,pooled,NA,NextSeq 500,DrosEU,Cristina_Vieira,SRR5647753,https://doi.org/10.1093/molbev/msab259,NA,NA,NA,NA,NA,NA,NA
FR_Dro_Got_1_2015-05-21,FR_Got_15_47,FR_Dro_Got,44.977,4.93,Europe,France,Gotheron,Drome,21,21,5,5,2015,141,TRUE,spring,BR-1,TR-1,NA,NA,NA,1,40,wild,pooled,NA,HiSeq X Ten,DrosEU,Cristina_Vieira,SRR8439122,https://doi.org/10.1093/molbev/msab259,NA,NA,NA,NA,NA,NA,NA
FR_Dro_Got_1_2015-09-09,FR_Got_15_48,FR_Dro_Got,44.977,4.93,Europe,France,Gotheron,Drome,9,9,9,9,2015,252,TRUE,fall,BR-1,TR-1,NA,NA,NA,1,40,wild,pooled,NA,HiSeq X Ten,DrosEU,Cristina_Vieira,SRR8439123,https://doi.org/10.1093/molbev/msab259,NA,NA,NA,NA,NA,NA,NA
FR_Dro_Got_1_2015-10-13,FR_Got_15_49,FR_Dro_Got,44.977,4.93,Europe,France,Gotheron,Drome,13,13,10,10,2015,286,TRUE,fall,BR-1,TR-1,NA,NA,NA,1,40,wild,pooled,NA,HiSeq X Ten,DrosEU,Cristina_Vieira,SRR8439126,https://doi.org/10.1093/molbev/msab259,NA,NA,NA,NA,NA,NA,NA
FR_Dro_Got_1_2016-06-13,FR_Got_16_8,FR_Dro_Got,44.976813,4.930005,Europe,France,Gotheron,Drome,13,13,6,6,2016,165,TRUE,spring,BR-1,TR-1,NA,NA,NA,1,40,wild,pooled,NA,HiSeq X Ten,DrosEU,Cristina_Vieira,SRR8494447,https://doi.org/10.1093/molbev/msab259,NA,NA,NA,NA,NA,NA,NA
FR_Ess_Vil_1_2014-08-18,FR_Vil_14_05,FR_Ess_Vil,48.7543324,2.1584108,Europe,France,Viltain,Essonne,18,18,8,8,2014,230,TRUE,spring,BR-1,TR-1,NA,NA,NA,1,40,wild,pooled,NA,NextSeq 500,DrosEU,Catherine_Montchamp-Moreau,SRR5647755,https://doi.org/10.1093/molbev/msab259,NA,NA,NA,NA,NA,NA,NA
FR_Ess_Vil_1_2014-10-27,FR_Vil_14_07,FR_Ess_Vil,48.7543324,2.1584108,Europe,France,Viltain,Essonne,27,27,10,10,2014,300,TRUE,fall,BR-1,TR-1,NA,NA,NA,1,40,wild,pooled,NA,NextSeq 500,DrosEU,Catherine_Montchamp-Moreau,SRR5647729,https://doi.org/10.1093/molbev/msab259,NA,NA,NA,NA,NA,NA,NA
FR_Ess_Vil_1_2015-08-10,FR_Vil_15_40,FR_Ess_Vil,48.754,2.158,Europe,France,Viltain,Essonne,10,10,8,8,2015,222,TRUE,spring,BR-1,TR-1,NA,NA,NA,1,40,wild,pooled,NA,HiSeq X Ten,DrosEU,Catherine_Montchamp-Moreau,SRR8439165,https://doi.org/10.1093/molbev/msab259,NA,NA,NA,NA,NA,NA,NA
FR_Ess_Vil_1_2015-10-14,FR_Vil_15_41,FR_Ess_Vil,48.754,2.158,Europe,France,Viltain,Essonne,14,14,10,10,2015,287,TRUE,fall,BR-1,TR-1,NA,NA,NA,1,40,wild,pooled,NA,HiSeq X Ten,DrosEU,Catherine_Montchamp-Moreau,SRR8439120,https://doi.org/10.1093/molbev/msab259,NA,NA,NA,NA,NA,NA,NA
FR_Ess_Vil_1_2016-08-12,FR_Vil_16_9,FR_Ess_Vil,48.7543324,2.1584108,Europe,France,Viltain,Essonne,12,12,8,8,2016,225,TRUE,spring,BR-1,TR-1,NA,NA,NA,1,40,wild,pooled,NA,HiSeq X Ten,DrosEU,Catherine_Montchamp-Moreau,SRR8494435,https://doi.org/10.1093/molbev/msab259,NA,NA,NA,NA,NA,NA,NA
FR_Ess_Vil_1_2017-08-24,NA,FR_Ess_Vil,48.75,2.158,Europe,France,Viltain,Essonne,24,24,8,8,2017,236,TRUE,NA,BR-1,TR-1,NA,NA,Banana+Yeast,1,40,Wild flies,pooled,Fly trap,NovaSeq6000,DrosEU_3,Catherine Montchamp-Moreau,NA,NA,DrosEu-208,FALSE,6.3,Hold,DIN,Pass,NA
FR_Ess_Vil_1_2017-10-17,NA,FR_Ess_Vil,48.75,2.158,Europe,France,Viltain,Essonne,17,17,10,10,2017,290,TRUE,NA,BR-1,TR-1,NA,NA,Banana+Yeast,1,40,Wild flies,pooled,Fly trap,NovaSeq6000,DrosEU_3,Catherine Montchamp-Moreau,NA,NA,DrosEu-209,FALSE,7.5,Pass,NA,Pass,NA
FR_Eur_Sai_1_2018-09-15,NA,FR_Eur_Sai,48.13,1.34,Europe,France,Saint Sulpice la Foret,Eure-et-Loir,10,20,9,9,2018,258,FALSE,NA,BR-1,TR-1,NA,NA,Apples,1,30,Wild flies,pooled,Fly trap,NovaSeq6000,DrosEU_3,Herve Colinet,NA,NA,DrosEu-158,TRUE,3.9,Fail,DIN,No sequencing,NA
FR_Hau_Civ_1_2018-06-16,NA,FR_Hau_Civ,45,4,Europe,France,Civrieux,Haute-Loire,16,16,6,6,2018,167,TRUE,NA,BR-1,TR-1,NA,NA,Banana + yeast,1,40,Wild flies,pooled,Fly trap,NovaSeq6000,DrosEU_3,Cristina Vieira,NA,NA,DrosEu-55,FALSE,6.8,Hold,DIN,Pass,NA
FR_Hau_Civ_1_2018-09-15,NA,FR_Hau_Civ,45,4,Europe,France,Civrieux,Haute-Loire,15,15,9,9,2018,258,TRUE,NA,BR-1,TR-1,NA,NA,Banana + yeast,1,40,Wild flies,pooled,Fly trap,NovaSeq6000,DrosEU_3,Cristina Vieira,NA,NA,DrosEu-56,FALSE,7.2,Pass,NA,Pass,NA
FR_Her_Sai_1_2020-11-12,NA,FR_Her_Sai,43.709061,3.848005,Europe,France,Saint Clement de Riviere,Herault,12,12,11,11,2020,317,TRUE,NA,BR-1,TR-1,NA,NA,Apples,1,40,Wild flies,pooled,Aspirator,NovaSeq6000,DrosEU_3,Nicolas Rode,NA,NA,DrosEu-187,FALSE,5.7,Fail,DIN,Pass,NA
FR_Her_Sai_1_2021-06-10,NA,FR_Her_Sai,43.709061,3.848005,Europe,France,Saint Clement de Riviere,Herault,10,10,6,6,2021,161,TRUE,NA,BR-1,TR-1,NA,NA,Apples,1,40,Wild flies,pooled,Fly trap,NovaSeq6000,DrosEU_3,Nicolas Rode,NA,NA,DrosEu-188,FALSE,6,Hold,DIN,Pass,66589208
FR_Ill_Sai_1_2017-07-22,NA,FR_Ill_Sai,48.13,-1.58,Europe,France,Saint Sulpice la Foret,Ille-et-Vilaine,20,24,7,7,2017,203,FALSE,NA,BR-1,TR-1,NA,NA,Banana+Yeast,1,40,Wild flies,pooled,Fly trap,NovaSeq6000,DrosEU_3,Herve Colinet,NA,NA,DrosEu-210,TRUE,4.2,Fail,DIN,No sequencing,NA
FR_Ill_Sai_1_2017-09-16,NA,FR_Ill_Sai,48.13,-1.58,Europe,France,Saint Sulpice la Foret,Ille-et-Vilaine,15,17,9,9,2017,259,FALSE,NA,BR-1,TR-1,NA,NA,Banana+Yeast,1,40,Wild flies,pooled,Fly trap,NovaSeq6000,DrosEU_3,Herve Colinet,NA,NA,DrosEu-211,FALSE,4.8,Fail,DIN,Pass,82999868
FR_Rho_Lyo_1_2010-07-16,FR,FR_Rho_Lyo,45.77,4.86,Europe,France,Lyon,Rhone,1,31,7,7,2010,197,FALSE,NA,BR-1,TR-1,NA,NA,NA,1,87,NA,inbred_line,NA,NA,dgn,J._Pool,NA,https://doi.org/10.1093/molbev/msab259,NA,NA,NA,NA,NA,NA,NA
GA_Hau_Fra_1_2002-03-16,GA,GA_Hau_Fra,-1.65,13.6,Africa,Gabon,Franceville,Haut-Ogooue,1,31,3,3,2002,75,FALSE,NA,BR-1,TR-1,NA,NA,NA,1,9,NA,haploid_embryo,NA,NA,dgn,B._Ballard;S._Charlat,NA,https://doi.org/10.1093/molbev/msab259,NA,NA,NA,NA,NA,NA,NA
GB_Eas_Sus_1_2021-07-09,NA,GB_Eas_Sus,51.099768,0.164408,Europe,UK,Sussex,East Sussex,9,9,7,7,2021,190,TRUE,NA,BR-1,TR-1,NA,NA,Mixed fruit + yeast,1,36,Wild flies,pooled,Sweep net and aspirate,NovaSeq6000,DrosEU_3,Darren Obbard,NA,NA,DrosEu-236,TRUE,2.7,Fail,DIN,No sequencing,NA
GB_Eas_Sus_1_2021-09-01,NA,GB_Eas_Sus,51.099767,0.164407,Europe,UK,Sussex,East Sussex,1,1,9,9,2021,244,TRUE,NA,BR-1,TR-1,NA,NA,Mixed fruit + yeast,1,40,Wild flies,pooled,Sweep net and aspirate,NovaSeq6000,DrosEU_3,Darren Obbard,NA,NA,DrosEu-51,FALSE,6.5,Hold,DIN,Pass,NA
GB_Edi_Edi_1_2021-08-29,NA,GB_Edi_Edi,55.9323,-3.1951,Europe,UK,Edinburgh,Edinburgh,29,29,8,8,2021,241,TRUE,NA,BR-1,TR-1,NA,NA,Mixed fruit + yeast,1,40,Wild flies,pooled,Sweep net and aspirate,NovaSeq6000,DrosEU_3,Darren Obbard,NA,NA,DrosEu-52,FALSE,7.8,Pass,NA,Pass,NA
GB_Edi_Edi_1_2021-10-04,NA,GB_Edi_Edi,55.9324,-3.1952,Europe,UK,Edinburgh,Edinburgh,4,4,10,10,2021,277,TRUE,NA,BR-1,TR-1,NA,NA,Mixed fruit + yeast,1,40,Wild flies,pooled,Sweep net and aspirate,NovaSeq6000,DrosEU_3,Darren Obbard,NA,NA,DrosEu-53,FALSE,6.8,Hold,DIN,Pass,NA
GB_Edi_Sou_1_2014-07-14,UK_Sou_14_10,GB_Edi_Sou,55.972871,-3.351475,Europe,United Kingdom,South Queensferry,Edinburgh,14,14,7,7,2014,195,TRUE,spring,BR-1,TR-1,NA,NA,NA,1,40,wild,pooled,NA,NextSeq 500,DrosEU,Darren_J._Obbard,SRR5647757,https://doi.org/10.1093/molbev/msab259,NA,NA,NA,NA,NA,NA,NA
GB_Fif_Dai_1_2015-08-19,UK_Dai_15_52,GB_Fif_Dai,56.344534,-2.952766,Europe,United Kingdom,Dairsie,Fife,19,19,8,8,2015,231,TRUE,spring,BR-1,TR-1,NA,NA,NA,1,40,wild,pooled,NA,HiSeq X Ten,DrosEU,Mike_Ritchie,SRR8439142,https://doi.org/10.1093/molbev/msab259,NA,NA,NA,NA,NA,NA,NA
GB_Fif_Dai_1_2016-08-06,UK_Dai_16_23,GB_Fif_Dai,56.3447,-2.9525,Europe,United Kingdom,Dairsie,Fife,6,6,8,8,2016,219,TRUE,spring,BR-1,TR-1,NA,NA,NA,1,40,wild,pooled,NA,HiSeq X Ten,DrosEU,Mike_Ritchie,SRR8494478,https://doi.org/10.1093/molbev/msab259,NA,NA,NA,NA,NA,NA,NA
GB_Fif_Dai_1_2020-MM-DD,NA,GB_Fif_Dai,56.34716,-2.95054,Europe,UK,Dairsie,Fife,NA,NA,NA,NA,2020,NA,NA,NA,BR-1,TR-1,NA,NA,NA,1,40,Wild flies,pooled,Fly trap,NovaSeq6000,DrosEU_3,Mike Ritchie,NA,NA,DrosEu-186,FALSE,6.4,Hold,DIN,Pass,NA
GB_Ken_Ken_1_2019-09-16,NA,GB_Ken_Ken,51.351161,0.184561,Europe,UK,Kent,Kent,16,16,9,9,2019,259,TRUE,NA,BR-1,TR-1,NA,NA,Apples,1,40,Wild flies,pooled,Nets,NovaSeq6000,DrosEU_3,Flo Camus,NA,NA,DrosEu-169,FALSE,6.6,Hold,DIN,Pass,60793720
GB_Lei_Lut_1_2014-10-20,UK_Lut_14_13,GB_Lei_Lut,52.433592,-1.102667,Europe,United Kingdom,Lutterworth,Leicestershire,20,20,10,10,2014,293,TRUE,fall,BR-1,TR-1,NA,NA,NA,1,40,wild,pooled,NA,NextSeq 500,DrosEU,Eran_Tauber,SRR5647759,https://doi.org/10.1093/molbev/msab259,NA,NA,NA,NA,NA,NA,NA
GB_Lei_Mar_1_2014-10-20,UK_Mar_14_12,GB_Lei_Mar,52.475769,-0.921517,Europe,United Kingdom,Market Harborough,Leicestershire,20,20,10,10,2014,293,TRUE,fall,BR-1,TR-1,NA,NA,NA,1,40,wild,pooled,NA,NextSeq 500,DrosEU,Eran_Tauber,SRR5647760,https://doi.org/10.1093/molbev/msab259,NA,NA,NA,NA,NA,NA,NA
GB_Nor_Mar_1_2015-07-07,UK_Mar_15_42,GB_Nor_Mar,52.4608,-0.959,Europe,United Kingdom,Market Harborough,Northamptonshire,7,7,7,7,2015,188,TRUE,spring,BR-1,TR-1,NA,NA,NA,1,40,wild,pooled,NA,HiSeq X Ten,DrosEU,mirko_pegoraro,SRR8439121,https://doi.org/10.1093/molbev/msab259,NA,NA,NA,NA,NA,NA,NA
GB_Nor_Mar_1_2016-10-23,UK_Mar_16_53,GB_Nor_Mar,52.46,-0.959,Europe,United Kingdom,Market Harborough,Northamptonshire,23,23,10,10,2016,297,TRUE,fall,BR-1,TR-1,NA,NA,NA,1,40,wild,pooled,NA,HiSeq X Ten,DrosEU,Eran_Tauber,SRR8494432,https://doi.org/10.1093/molbev/msab259,NA,NA,NA,NA,NA,NA,NA
GB_Nor_Mar_1_2017-10-10,NA,GB_Nor_Mar,52.46086111,0.95902778,Europe,UK,Market Harborough,Norfolk,10,10,10,10,2017,283,TRUE,NA,BR-1,TR-1,NA,NA,vineyard,1,34,Wild flies,pooled,Sweep netting,NovaSeq6000,DrosEU_3,Eran Tauber,NA,NA,DrosEu-206,FALSE,6.8,Hold,DIN,Pass,NA
GB_Nor_Mar_2_2017-10-10,NA,GB_Nor_Mar,52.46086111,0.95902778,Europe,UK,Market Harborough,Norfolk,10,10,10,10,2017,283,TRUE,NA,BR-2,TR-1,NA,NA,vineyard,2,34,Wild flies,pooled,Sweep netting,NovaSeq6000,DrosEU_3,Eran Tauber,NA,NA,DrosEu-207,FALSE,6.8,Hold,DIN,Pass,NA
GB_Nor_Mar_3_2017-10-10,NA,GB_Nor_Mar,52.46086111,0.95902778,Europe,UK,Market Harborough,Norfolk,10,10,10,10,2017,283,TRUE,NA,BR-3,TR-1,NA,NA,vineyard,3,40,Wild flies,pooled,Sweep netting,NovaSeq6000,DrosEU_3,Eran Tauber,NA,NA,DrosEu-213,FALSE,6,Hold,DIN,Pass,NA
GB_Per_Dru_1_2020-09-07,NA,GB_Per_Dru,56.32034,-3.78092,Europe,UK,Drumness,Perthshire and Kinross,7,7,9,9,2020,251,TRUE,NA,BR-1,TR-1,NA,NA,Banana + yeast,1,40,Wild flies,pooled,Sweep netting,NovaSeq6000,DrosEU_3,Darren Obbard,NA,NA,DrosEu-116,FALSE,7,Pass,NA,Pass,NA
GB_Per_Mut_1_2021-08-05,NA,GB_Per_Mut,56.3204,-3.781,Europe,UK,Muthill,Perthshire and Kinross,5,5,8,8,2021,217,TRUE,NA,BR-1,TR-1,NA,NA,Banana+Yeast,1,40,Sweep net & aspiration,pooled,Fly trap,NovaSeq6000,DrosEU_3,Darren Obbard,NA,NA,DrosEu-50,TRUE,3,Fail,DIN,No sequencing,NA
GB_She_She_1_2014-08-25,UK_She_14_09,GB_She_She,53.39052,-1.520599,Europe,United Kingdom,Sheffield,Sheffield,25,25,8,8,2014,237,TRUE,spring,BR-1,TR-1,NA,NA,NA,1,40,wild,pooled,NA,NextSeq 500,DrosEU,Damiano_Porcelli,SRR5647752,https://doi.org/10.1093/molbev/msab259,NA,NA,NA,NA,NA,NA,NA
GB_She_She_1_2015-10-04,UK_She_15_17,GB_She_She,53.391,-1.521,Europe,United Kingdom,Sheffield,Sheffield,4,4,10,10,2015,277,TRUE,fall,BR-1,TR-1,NA,NA,NA,1,40,wild,pooled,NA,HiSeq X Ten,DrosEU,Damiano_Porcelli,SRR8439153,https://doi.org/10.1093/molbev/msab259,NA,NA,NA,NA,NA,NA,NA
GN_Dal_Don_1_2005-06-15,GU,GN_Dal_Don,10.7,-12.25,Africa,Guinea,Donde,Dalaba,1,30,6,6,2005,166,FALSE,NA,BR-1,TR-1,NA,NA,NA,1,5,NA,haploid_embryo,NA,NA,dgn,B._B._Sow,NA,https://doi.org/10.1093/molbev/msab259,NA,NA,NA,NA,NA,NA,NA
HR_Dub_Her_1_2019-09-19,NA,HR_Dub_Her,42.279,18.334,Europe,Montenegro,Herceg Novi,Dubrovacko-Neretvanska,19,19,9,9,2019,262,TRUE,NA,BR-1,TR-1,NA,NA,Grapes,1,40,Wild flies,pooled,Sweep netting,NovaSeq6000,DrosEU_3,Stefan Stanovcic,NA,NA,DrosEu-160,FALSE,6,Hold,DIN,Pass,NA
HR_Dub_Kam_1_2017-09-20,NA,HR_Dub_Kam,42.282,18.322,Europe,Montenegro,Kameno,Dubrovacko-Neretvanska,20,20,9,9,2017,263,TRUE,NA,BR-1,TR-1,NA,NA,Mixed fruits,1,40,Wild flies,pooled,Sweep netting,NovaSeq6000,DrosEU_3,Marina Stamenkovic-Radak,NA,NA,DrosEu-200,FALSE,6.4,Hold,DIN,Pass,NA
HU_Pes_Pil_1_2018-07-04,NA,HU_Pes_Pil,47.617361,18.892002,Europe,Hungary,Pilisvorosvar,Pest,4,4,7,7,2018,185,TRUE,NA,BR-1,TR-1,NA,NA,Banana+Yeast,1,40,Wild flies,pooled,Fly trap,NovaSeq6000,DrosEU_3,Balazs Kiss,NA,NA,DrosEu-135,FALSE,6.4,Hold,DIN,Pass,80106498
HU_Pes_Pil_1_2018-10-30,NA,HU_Pes_Pil,47.617361,18.892002,Europe,Hungary,Pilisvorosvar,Pest,30,30,10,10,2018,303,TRUE,NA,BR-1,TR-1,NA,NA,Banana+Yeast,1,40,Wild flies,pooled,Fly trap,NovaSeq6000,DrosEU_3,Balazs Kiss,NA,NA,DrosEu-134,FALSE,6.3,Hold,DIN,Pass,NA
HU_Pes_Pil_1_2020-08-17,NA,HU_Pes_Pil,47.617361,18.892002,Europe,Hungary,Pilisvorosvar,Pest,15,18,8,8,2020,230,FALSE,NA,BR-1,TR-1,NA,NA,apple+yeast,1,40,Wild flies,pooled,Fly trap,NovaSeq6000,DrosEU_3,Kiss Balazs,NA,NA,DrosEu-137,FALSE,6.3,Hold,DIN,Pass,66949050
HU_Sze_Sze_1_2016-08-28,HU_Sze_16_14,HU_Sze_Sze,46.25,20.13,Europe,Hungary,Szeged,Szeged,28,28,8,8,2016,241,TRUE,spring,BR-1,TR-1,NA,NA,NA,1,40,wild,pooled,NA,HiSeq X Ten,DrosEU,L������szl������_Sipos,SRR8494453,https://doi.org/10.1093/molbev/msab259,NA,NA,NA,NA,NA,NA,NA
IT_Sas_Rec_1_2018-10-18,NA,IT_Sas_Rec,41.15,8.41,Europe,Portugal,Recarei,Sassari,18,18,10,10,2018,291,TRUE,NA,BR-1,TR-1,NA,NA,grapes and persimmon,1,40,Wild flies,pooled,Fly trap,NovaSeq6000,DrosEU_3,Jorge Vieira,NA,NA,DrosEu-233,TRUE,4.6,Fail,DIN,No sequencing,NA
IT_Tre_San_1_2015-09-29,IT_Mez_15_43,IT_Tre_San,46.212856,11.08755,Europe,Italy,San Michele,Trento,29,29,9,9,2015,272,TRUE,fall,BR-1,TR-1,NA,Mezzocorona,NA,1,40,wild,pooled,NA,HiSeq X Ten,DrosEU,omar_rota-stabelli,SRR8439118,https://doi.org/10.1093/molbev/msab259,NA,NA,NA,NA,NA,NA,NA
IT_Tre_San_1_2015-10-10,IT_Mez_15_44,IT_Tre_San,46.217939,11.123423,Europe,Italy,San Michele,Trento,10,10,10,10,2015,283,TRUE,fall,BR-1,TR-1,NA,Mezzolombardo,NA,1,40,wild,pooled,NA,HiSeq X Ten,DrosEU,omar_rota-stabelli,SRR8439119,https://doi.org/10.1093/molbev/msab259,NA,NA,NA,NA,NA,NA,NA
IT_Tre_San_1_2019-10-01,NA,IT_Tre_San,46.191059,11.135751,Europe,Italy,San Michele,Trento,1,1,10,10,2019,274,TRUE,NA,BR-1,TR-1,NA,NA,?,1,40,Wild flies,pooled,Sweep netting,NovaSeq6000,DrosEU_3,Omar Rota-Stabelli,NA,NA,DrosEu-75,FALSE,6,Hold,DIN,Pass,NA
IT_Tre_San_1_2021-06-28,NA,IT_Tre_San,46.187389,11.13636,Europe,Italy,San Michele,Trento,28,28,6,6,2021,179,TRUE,NA,BR-1,TR-1,NA,NA,NA,1,36,Wild flies,pooled,Fly trap,NovaSeq6000,DrosEU_3,Omar Rota-Stabelli,NA,NA,DrosEu-74,FALSE,6.1,Hold,DIN,Pass,NA
IT_Tre_San_1_2021-10-01,NA,IT_Tre_San,46.18739,11.13637,Europe,Italy,San Michele,Trento,1,1,10,10,2021,274,TRUE,NA,BR-1,TR-1,NA,NA,NA,1,36,Wild flies,pooled,Fly trap,NovaSeq6000,DrosEU_3,Omar Rota-Stabelli,NA,NA,DrosEu-73,FALSE,5.6,Fail,DIN,Pass,NA
IT_Tre_Tre_1_2016-08-24,IT_Tre_16_15,IT_Tre_Tre,46.2,11.13333,Europe,Italy,Trentino,Trento,24,24,8,8,2016,237,TRUE,spring,BR-1,TR-1,NA,NA,NA,1,40,wild,pooled,NA,HiSeq X Ten,DrosEU,Omar_Rota_Stabelli_-_Gabriella_Tait,SRR8494456,https://doi.org/10.1093/molbev/msab259,NA,NA,NA,NA,NA,NA,NA
MA_Ori_Ber_1_2017-07-10,NA,MA_Ori_Ber,34.9562894400356,-2.26568341255188,Africa,Morocco,Berkane,Oriental,10,10,7,7,2017,191,TRUE,NA,BR-1,TR-1,NA,NA,Banana+Yeast,1,17,Wild flies,pooled,Fly trap,NovaSeq6000,DrosEU_3,Khalid Khfif,NA,NA,DrosEu-204,FALSE,5,Fail,DIN,Pass,NA
MA_Ori_Ber_1_2017-09-15,NA,MA_Ori_Ber,34.9562894400356,-2.26568341255188,Africa,Morocco,Berkane,Oriental,15,15,9,9,2017,258,TRUE,NA,BR-1,TR-1,NA,NA,Banana+Yeast,1,22,Wild flies,pooled,Fly trap,NovaSeq6000,DrosEU_3,Khalid Khfif,NA,NA,DrosEu-205,TRUE,4.4,Fail,DIN,No sequencing,NA
MA_Ori_Ber_1_2018-07-16,NA,MA_Ori_Ber,35.0299090769197,-2.4021291626587,Africa,Morocco,Berkane,Oriental,16,16,7,7,2018,197,TRUE,NA,BR-1,TR-1,NA,NA,Apples,1,18,Wild flies,pooled,Fly trap,NovaSeq6000,DrosEU_3,Khalid Khfif,NA,NA,DrosEu-173,FALSE,6.3,Hold,DIN,Pass,67123142
MA_Ori_Ber_1_2019-09-11,NA,MA_Ori_Ber,35.0299090769197,-2.4021291626587,Africa,Morocco,Berkane,Oriental,11,11,9,9,2019,254,TRUE,NA,BR-1,TR-1,NA,NA,Apples,1,33,Wild flies,pooled,Fly trap,NovaSeq6000,DrosEU_3,Khalid Khfif,NA,NA,DrosEu-170,FALSE,6.4,Hold,DIN,Pass,NA
MA_Ori_Ber_1_2020-09-21,NA,MA_Ori_Ber,35.0299088,-2.400933,Africa,Morocco,Berkane,Oriental,21,21,9,9,2020,265,TRUE,NA,BR-1,TR-1,NA,NA,Apples,1,40,Wild flies,pooled,Fly trap,NovaSeq6000,DrosEU_3,Khalid Khfif,NA,NA,DrosEu-89,FALSE,5.6,Fail,DIN,Pass,NA
MA_Ori_Nad_1_2016-07-21,NA,MA_Ori_Nad,35.032167,-2.394361,Africa,Morocco,Nador province,Oriental,21,21,7,7,2016,203,TRUE,NA,BR-1,TR-1,NA,NA,Banana+Yeast,1,23,Wild flies,pooled,Fly trap,NovaSeq6000,DrosEU_3,Khalid Khfif,NA,NA,DrosEu-196,FALSE,6.2,Hold,DIN,Pass,NA
MA_Ori_Nad_1_2016-10-04,NA,MA_Ori_Nad,35.032167,-2.394361,Africa,Morocco,Nador province,Oriental,4,4,10,10,2016,278,TRUE,NA,BR-1,TR-1,NA,NA,Banana+Yeast,1,25,Wild flies,pooled,Fly trap,NovaSeq6000,DrosEU_3,Khalid Khfif,NA,NA,DrosEu-197,FALSE,6.4,Hold,DIN,Pass,NA
MA_Tan_Lar_1_2021-09-06,NA,MA_Tan_Lar,35.146733889239,-6.14977144602926,Africa,Morocco,Larache,Tanger - Tetouan,6,6,9,9,2021,249,TRUE,NA,BR-1,TR-1,NA,NA,Apples,1,40,Wild flies,pooled,Fly trap,NovaSeq6000,DrosEU_3,Khalid Khfif,NA,NA,DrosEu-88,FALSE,4.9,Fail,DIN,Pass,81830716
NG_Bor_Mai_1_2004-09-16,NG,NG_Bor_Mai,11.85,13.16,Africa,Nigeria,Maiduguri,Borno,1,30,9,9,2004,260,FALSE,NA,BR-1,TR-1,NA,NA,NA,1,6,NA,haploid_embryo,NA,NA,dgn,D._Gwary;B._Sastawa,NA,https://doi.org/10.1093/molbev/msab259,NA,NA,NA,NA,NA,NA,NA
NL_Gro_Gro_1_2017-10-11,NA,NL_Gro_Gro,53.1512,6.3034,Europe,Netherlands,Groningen,Groningen,1,20,10,10,2017,284,FALSE,NA,BR-1,TR-1,NA,NA,Banana+Yeast,1,40,Wild flies,pooled,Fly trap,NovaSeq6000,DrosEU_3,Pinar Kohlmeier,NA,NA,DrosEu-212,FALSE,5.8,Fail,DIN,Pass,NA
NL_Gro_Gro_1_2019-10-09,NA,NL_Gro_Gro,53.1512,6.3034,Europe,Netherlands,Groningen,Groningen,9,9,10,10,2019,282,TRUE,NA,BR-1,TR-1,NA,NA,Apples,1,30,Wild flies,pooled,Fly trap,NovaSeq6000,DrosEU_3,Pinar Kohlmeier,NA,NA,DrosEu-90,FALSE,4.8,Fail,DIN,Pass,79908978
NL_Gro_Gro_1_2020-10-15,NA,NL_Gro_Gro,53.15917,6.30667,Europe,Netherlands,Groningen,Groningen,15,15,10,10,2020,289,TRUE,NA,BR-1,TR-1,NA,NA,Apples,1,27,Wild flies,pooled,Fly trap,NovaSeq6000,DrosEU_3,Pinar Kohlmeier,NA,NA,DrosEu-108,FALSE,5.6,Fail,DIN,Pass,NA
NL_Utr_Hou_1_1998-07-01,N,NL_Utr_Hou,52.02,5.1,Europe,Netherlands,Houten,Utrecht,1,30,1,12,1998,182,FALSE,NA,BR-1,TR-1,NA,NA,NA,1,19,NA,inbred_line,NA,NA,dgn,Z._Bochdanovits;G._de_Jong,NA,https://doi.org/10.1093/molbev/msab259,NA,NA,NA,NA,NA,NA,NA
PL_Lub_Lub_1_2019-09-10,NA,PL_Lub_Lub,51.2315,22.524833,Europe,Poland,Lublin,Lublin,10,10,9,9,2019,253,TRUE,NA,BR-1,TR-1,NA,NA,Apples,1,40,Wild flies,pooled,Fly trap,NovaSeq6000,DrosEU_3,Krzysztof Wojciechowski,NA,NA,DrosEu-139,TRUE,1.6,Fail,DIN,No sequencing,NA
PL_Pom_Gda_1_2016-08-01,PO_Gda_16_16,PL_Pom_Gda,54.35,18.64,Europe,Poland,Gdansk,Pomeranian,1,1,8,8,2016,214,TRUE,spring,BR-1,TR-1,NA,NA,NA,1,40,wild,pooled,NA,HiSeq X Ten,DrosEU,Iryna_Kozeretska,SRR8494455,https://doi.org/10.1093/molbev/msab259,NA,NA,NA,NA,NA,NA,NA
PL_War_Brz_1_2015-09-28,PO_Brz_15_12,PL_War_Brz,54.27342,19.620169,Europe,Poland,Brzezina,Warmian-Masurian,28,28,9,9,2015,271,TRUE,fall,BR-1,TR-1,NA,NA,NA,1,40,wild,pooled,NA,HiSeq X Ten,DrosEU,Iryna_Kozeretska,SRR8439154,https://doi.org/10.1093/molbev/msab259,NA,NA,NA,NA,NA,NA,NA
PL_War_Brz_1_2016-08-08,PO_Brz_16_17,PL_War_Brz,54.27342,19.620169,Europe,Poland,Brzezina,Warmian-Masurian,8,8,8,8,2016,221,TRUE,spring,BR-1,TR-1,NA,NA,NA,1,40,wild,pooled,NA,HiSeq X Ten,DrosEU,Iryna_Kozeretska,SRR8494458,https://doi.org/10.1093/molbev/msab259,NA,NA,NA,NA,NA,NA,NA
PL_War_Brz_1_2017-08-20,NA,PL_War_Brz,54.2735,19.620167,Europe,Poland,Brzezina,Warmian-Masurian,20,20,8,8,2017,232,TRUE,NA,BR-1,TR-1,NA,NA,Apples,1,40,Wild flies,pooled,Fly trap,NovaSeq6000,DrosEU_3,Anna Slezak-Parnikoza,NA,NA,DrosEu-228,FALSE,6,Hold,DIN,Pass,NA
PT_Por_Rec_1_2014-09-26,PT_Rec_14_33,PT_Por_Rec,41.15,-8.41,Europe,Portugal,Recarei,Porto,26,26,9,9,2014,269,TRUE,fall,BR-1,TR-1,NA,NA,NA,1,40,wild,pooled,NA,NextSeq 500,DrosEU,Jorge_Vieira,SRR5647770,https://doi.org/10.1093/molbev/msab259,NA,NA,NA,NA,NA,NA,NA
PT_Por_Rec_1_2015-09-01,PT_Rec_15_16,PT_Por_Rec,41.15,-8.41,Europe,Portugal,Recarei,Porto,1,1,9,9,2015,244,TRUE,fall,BR-1,TR-1,NA,NA,NA,1,40,wild,pooled,NA,HiSeq X Ten,DrosEU,Jorge_Vieira,SRR8439150,https://doi.org/10.1093/molbev/msab259,NA,NA,NA,NA,NA,NA,NA
PT_Por_Rec_1_2016-10-01,PT_Rec_16_18,PT_Por_Rec,41.15,-8.41,Europe,Portugal,Recarei,Porto,1,1,10,10,2016,275,TRUE,fall,BR-1,TR-1,NA,NA,NA,1,40,wild,pooled,NA,HiSeq X Ten,DrosEU,Jorge_Vieira,SRR8494457,https://doi.org/10.1093/molbev/msab259,NA,NA,NA,NA,NA,NA,NA
RS_Kol_Sla_1_2021-09-14,NA,RS_Kol_Sla,44.15,20.18,Europe,Serbia,Slankamen,Kolubarski,14,14,9,9,2021,257,TRUE,NA,BR-1,TR-1,NA,NA,Apples,1,38,Wild flies,pooled,Sweep netting,NovaSeq6000,DrosEU_3,Marija Tanaskovic; Marija Savic Veselinovic,NA,NA,DrosEu-60,FALSE,6.7,Hold,DIN,Pass,NA
RS_Kol_Sla_1_2021-MM-DD,NA,RS_Kol_Sla,44.104161,19.981698,Europe,Serbia,Slankamen,Kolubarski,NA,NA,NA,NA,2021,NA,NA,NA,BR-1,TR-1,NA,NA,apples,1,40,Wild flies,pooled,Sweep netting,NovaSeq6000,DrosEU_3,Marija Tanaskovic; Marija Savic Veselinovic,NA,NA,DrosEu-59,FALSE,7.4,Pass,NA,Pass,NA
RS_Mac_Zaj_1_2020-09-13,NA,RS_Mac_Zaj,44.4455,19.2512,Europe,Serbia,Zajaca,Macvanski,13,13,9,9,2020,257,TRUE,NA,BR-1,TR-1,NA,NA,Apples,1,40,Wild flies,pooled,Sweep netting,NovaSeq6000,DrosEU_3,Mihailo Jelic; Mina Rakic; Marija Savic Veselinovic,NA,NA,DrosEu-58,FALSE,7,Pass,NA,Pass,NA
RS_Pod_Sta_1_2019-09-19,NA,RS_Pod_Sta,44.59,20.9,Europe,Serbia,Stara Pazova,Podunavski,19,19,9,9,2019,262,TRUE,NA,BR-1,TR-1,NA,NA,Apples,1,40,Wild flies,pooled,Sweep netting,NovaSeq6000,DrosEU_3,Aleksandra Patenkovic,NA,NA,DrosEu-162,FALSE,6.7,Hold,DIN,Pass,66054908
RS_Sre_Sla_1_2016-06-18,RS_Sla_16_30,RS_Sre_Sla,45.15,20.18,Europe,Serbia,Slankamen,Sremski,18,18,6,6,2016,170,TRUE,spring,BR-1,TR-1,NA,NA,NA,1,40,wild,pooled,NA,HiSeq X Ten,DrosEU,Marina_Stamenkovic_(Marija_T),SRR8494473,https://doi.org/10.1093/molbev/msab259,NA,NA,NA,NA,NA,NA,NA
RS_Sre_Sla_1_2016-09-09,RS_Sla_16_31,RS_Sre_Sla,45.15,20.18,Europe,Serbia,Slankamen,Sremski,9,9,9,9,2016,253,TRUE,fall,BR-1,TR-1,NA,NA,NA,1,40,wild,pooled,NA,HiSeq X Ten,DrosEU,Marina_Stamenkovic_(Marija_T),SRR8494474,https://doi.org/10.1093/molbev/msab259,NA,NA,NA,NA,NA,NA,NA
RS_Sre_Sla_1_2017-06-28,NA,RS_Sre_Sla,45.13,20.25,Europe,Serbia,Slankamen,Sremski,28,28,6,6,2017,179,TRUE,NA,BR-1,TR-1,NA,NA,Apples,1,40,Wild flies,pooled,Sweep netting,NovaSeq6000,DrosEU_3,Marija Tanaskovic,NA,NA,DrosEu-198,FALSE,6.2,Hold,DIN,Pass,61060454
RS_Sre_Sla_1_2017-09-28,NA,RS_Sre_Sla,45.13,20.25,Europe,Serbia,Slankamen,Sremski,28,28,9,9,2017,271,TRUE,NA,BR-1,TR-1,NA,NA,Beer added,1,40,Wild flies,pooled,Sweep netting,NovaSeq6000,DrosEU_3,Marija Tanaskovic,NA,NA,DrosEu-199,FALSE,5.9,Fail,DIN,Fail,82567902
RS_Sre_Sla_1_2019-06-14,NA,RS_Sre_Sla,45.09,20.18,Europe,Serbia,Slankamen,Sremski,14,14,6,6,2019,165,TRUE,NA,BR-1,TR-1,NA,NA,Apples,1,39,Wild flies,pooled,Sweep netting,NovaSeq6000,DrosEU_3,Marija Tanaskovic; Marija Savic Veselinovic,NA,NA,DrosEu-159,FALSE,7,Pass,NA,Pass,NA
RS_Sre_Sta_1_2019-07-21,NA,RS_Sre_Sta,44.9863,20.1664,Europe,Serbia,Stara Pazova,Sremski,21,21,7,7,2019,202,TRUE,NA,BR-1,TR-1,NA,NA,Apples,1,40,Wild flies,pooled,Sweep netting,NovaSeq6000,DrosEU_3,Aleksandra Patenkovic,NA,NA,DrosEu-161,FALSE,6.5,Hold,DIN,Pass,NA
RS_Sre_Sta_1_2020-07-02,NA,RS_Sre_Sta,44.9863,20.1667,Europe,Serbia,Stara Pazova,Sremski,2,2,7,7,2020,184,TRUE,NA,BR-1,TR-1,NA,NA,Apples,1,40,Wild flies,pooled,Sweep netting,NovaSeq6000,DrosEU_3,Aleksandra Patenkovic,NA,NA,DrosEu-61,FALSE,7.2,Pass,NA,Pass,NA
RS_Sre_Sta_1_2020-09-14,NA,RS_Sre_Sta,44.9863,20.1667,Europe,Serbia,Stara Pazova,Sremski,14,14,9,9,2020,258,TRUE,NA,BR-1,TR-1,NA,NA,Apples,1,40,Wild flies,pooled,Sweep netting,NovaSeq6000,DrosEU_3,Aleksandra Patenkovic,NA,NA,DrosEu-63,FALSE,6.8,Hold,DIN,Pass,NA
RS_Sre_Sta_1_2021-06-22,NA,RS_Sre_Sta,44.9863,20.1667,Europe,Serbia,Stara Pazova,Sremski,22,22,6,6,2021,173,TRUE,NA,BR-1,TR-1,NA,NA,Apples,1,40,Wild flies,pooled,Sweep Netting,NovaSeq6000,DrosEU_3,Aleksandra Patenkovic,NA,NA,DrosEu-62,FALSE,6.7,Hold,DIN,Pass,NA
RS_Zaj_Kal_1_2016-06-30,RS_Kal_16_28,RS_Zaj_Kal,43.4,22.42,Europe,Serbia,Kalna,Zajecarski,30,30,6,6,2016,182,TRUE,spring,BR-1,TR-1,NA,NA,NA,1,40,wild,pooled,NA,HiSeq X Ten,DrosEU,Marina_Stamenkovic,SRR8494479,https://doi.org/10.1093/molbev/msab259,NA,NA,NA,NA,NA,NA,NA
RS_Zaj_Kal_1_2016-09-13,RS_Kal_16_29,RS_Zaj_Kal,43.4,22.42,Europe,Serbia,Kalna,Zajecarski,13,13,9,9,2016,257,TRUE,fall,BR-1,TR-1,NA,NA,NA,1,40,wild,pooled,NA,HiSeq X Ten,DrosEU,Marina_Stamenkovic_(Sonja),SRR8494471,https://doi.org/10.1093/molbev/msab259,NA,NA,NA,NA,NA,NA,NA
SE_Ska_Lun_1_2014-07-31,SE_Lun_14_30,SE_Ska_Lun,55.694,13.198,Europe,Sweden,Lund,Skane,31,31,7,7,2014,212,TRUE,spring,BR-1,TR-1,NA,NA,NA,1,40,wild,pooled,NA,NextSeq 500,DrosEU,Jessica_Abbott,SRR5647735,https://doi.org/10.1093/molbev/msab259,NA,NA,NA,NA,NA,NA,NA
SE_Ska_Lun_1_2015-08-08,SE_Lun_15_15,SE_Ska_Lun,55.694,13.198,Europe,Sweden,Lund,Skane,8,8,8,8,2015,220,TRUE,spring,BR-1,TR-1,NA,NA,NA,1,40,wild,pooled,NA,HiSeq X Ten,DrosEU,Jessica_Abbott,SRR8439151,https://doi.org/10.1093/molbev/msab259,NA,NA,NA,NA,NA,NA,NA
SE_Ska_Lun_1_2015-08-24,SE_Lun_15_14,SE_Ska_Lun,55.694,13.198,Europe,Sweden,Lund,Skane,24,24,8,8,2015,236,TRUE,spring,BR-1,TR-1,NA,NA,NA,1,40,wild,pooled,NA,HiSeq X Ten,DrosEU,Jessica_Abbott,SRR8439156,https://doi.org/10.1093/molbev/msab259,NA,NA,NA,NA,NA,NA,NA
UA_Lvi_Dro_1_2014-08-24,UA_Dro_14_27,UA_Lvi_Dro,49.32991667,23.50280556,Europe,Ukraine,Drogobych,L'viv,24,24,8,8,2014,236,TRUE,spring,BR-1,TR-1,NA,NA,NA,1,40,wild,pooled,NA,NextSeq 500,DrosEU,Iryna_Kozeretska,SRR5647732,https://doi.org/10.1093/molbev/msab259,NA,NA,NA,NA,NA,NA,NA
UA_Lvi_Dro_1_2015-09-18,UA_Dro_15_10,UA_Lvi_Dro,49.32991667,23.50280556,Europe,Ukraine,Drogobych,L'viv,18,18,9,9,2015,261,TRUE,fall,BR-1,TR-1,NA,NA,NA,1,40,wild,pooled,NA,HiSeq X Ten,DrosEU,Iryna_Kozeretska,SRR8439116,https://doi.org/10.1093/molbev/msab259,NA,NA,NA,NA,NA,NA,NA
UA_Lvi_Dro_1_2016-09-12,UA_Dro_16_56,UA_Lvi_Dro,49.32991667,23.50280556,Europe,Ukraine,Drogobych,L'viv,12,12,9,9,2016,256,TRUE,fall,BR-1,TR-1,NA,NA,NA,1,40,wild,pooled,NA,HiSeq X Ten,DrosEU,Svitlana_Serga,SRR8494441,https://doi.org/10.1093/molbev/msab259,NA,NA,NA,NA,NA,NA,NA
UA_Vol_Lut_1_2019-08-28,NA,UA_Vol_Lut,50.747778,25.324444,Europe,Ukraine,Lutsk,Volyn,28,28,8,8,2019,240,TRUE,NA,BR-1,TR-1,NA,NA,Apples,1,40,Wild flies,pooled,Fly trap,NovaSeq6000,DrosEU_3,Mariia Zinchenko,NA,NA,DrosEu-141,FALSE,6.6,Hold,DIN,Pass,62240068
