"","NA_count","NULL_count","NA_proportion","NULL_proportion"
"global_pesticide_grids_apr_h_Cotton_Acephate",0,299,0,1
"global_pesticide_grids_apr_h_Cotton_Acetochlor",0,299,0,1
"global_pesticide_grids_apr_h_Cotton_Bifenthrin",0,299,0,1
"global_pesticide_grids_apr_h_Cotton_Dichloropropene",0,299,0,1
"global_pesticide_grids_apr_h_Cotton_Dicrotophos",0,299,0,1
"global_pesticide_grids_apr_h_Cotton_Fomesafen",0,299,0,1
"global_pesticide_grids_apr_h_Cotton_Msma",0,299,0,1
"global_pesticide_grids_apr_h_Cotton_Paraquat",0,299,0,1
"global_pesticide_grids_apr_h_Cotton_Prometryn",0,299,0,1
"global_pesticide_grids_apr_h_Cotton_Trifluralin",0,299,0,1
"global_pesticide_grids_apr_h_Rice_Acifluorfen",0,299,0,1
"global_pesticide_grids_apr_h_Rice_Copper_sulfate",0,299,0,1
"global_pesticide_grids_apr_h_Rice_Cyhalothrin_lambda",0,299,0,1
"global_pesticide_grids_apr_h_Rice_Imazethapyr",0,299,0,1
"global_pesticide_grids_apr_h_Rice_Propanil",0,299,0,1
"global_pesticide_grids_apr_h_Rice_Quinclorac",0,299,0,1
"global_pesticide_grids_apr_h_Rice_Saflufenacil",0,299,0,1
"global_pesticide_grids_apr_h_Rice_Thiobencarb",0,299,0,1
"global_pesticide_grids_apr_l_Cotton_Acephate",0,299,0,1
"global_pesticide_grids_apr_l_Cotton_Acetochlor",0,299,0,1
"global_pesticide_grids_apr_l_Cotton_Bifenthrin",0,299,0,1
"global_pesticide_grids_apr_l_Cotton_Dichloropropene",0,299,0,1
"global_pesticide_grids_apr_l_Cotton_Dicrotophos",0,299,0,1
"global_pesticide_grids_apr_l_Cotton_Fomesafen",0,299,0,1
"global_pesticide_grids_apr_l_Cotton_Msma",0,299,0,1
"global_pesticide_grids_apr_l_Cotton_Paraquat",0,299,0,1
"global_pesticide_grids_apr_l_Cotton_Prometryn",0,299,0,1
"global_pesticide_grids_apr_l_Cotton_Trifluralin",0,299,0,1
"global_pesticide_grids_apr_l_Rice_Acifluorfen",0,299,0,1
"global_pesticide_grids_apr_l_Rice_Copper_sulfate",0,299,0,1
"global_pesticide_grids_apr_l_Rice_Cyhalothrin_lambda",0,299,0,1
"global_pesticide_grids_apr_l_Rice_Imazethapyr",0,299,0,1
"global_pesticide_grids_apr_l_Rice_Propanil",0,299,0,1
"global_pesticide_grids_apr_l_Rice_Quinclorac",0,299,0,1
"global_pesticide_grids_apr_l_Rice_Saflufenacil",0,299,0,1
"global_pesticide_grids_apr_l_Rice_Thiobencarb",0,299,0,1
"ds.earthserver.xyz..7000..S2_L2A_AOT_10m_AOT",0,299,0,1
"output_connectivity_graphab_corridors_forests_Gray",0,299,0,1
"output_connectivity_graphab_iic_forests_b1",0,299,0,1
"S2_L2A_Netherlands_CloudFree_blue",0,299,0,1
"global_pesticide_grids_apr_h_Cotton_2_4_d",0,294,0,0.983277591973244
"global_pesticide_grids_apr_h_Cotton_Chlorpyrifos",0,294,0,0.983277591973244
"global_pesticide_grids_apr_h_Cotton_Dicamba",0,294,0,0.983277591973244
"global_pesticide_grids_apr_h_Cotton_Diuron",0,294,0,0.983277591973244
"global_pesticide_grids_apr_h_Cotton_Fluometuron",0,294,0,0.983277591973244
"global_pesticide_grids_apr_h_Cotton_Glufosinate",0,294,0,0.983277591973244
"global_pesticide_grids_apr_h_Cotton_Glyphosate",0,294,0,0.983277591973244
"global_pesticide_grids_apr_h_Cotton_Imidacloprid",0,294,0,0.983277591973244
"global_pesticide_grids_apr_h_Cotton_Metolachlor_s",0,294,0,0.983277591973244
"global_pesticide_grids_apr_h_Cotton_Pendimethalin",0,294,0,0.983277591973244
"global_pesticide_grids_apr_l_Cotton_2_4_d",0,294,0,0.983277591973244
"global_pesticide_grids_apr_l_Cotton_Chlorpyrifos",0,294,0,0.983277591973244
"global_pesticide_grids_apr_l_Cotton_Dicamba",0,294,0,0.983277591973244
"global_pesticide_grids_apr_l_Cotton_Diuron",0,294,0,0.983277591973244
"global_pesticide_grids_apr_l_Cotton_Fluometuron",0,294,0,0.983277591973244
"global_pesticide_grids_apr_l_Cotton_Glufosinate",0,294,0,0.983277591973244
"global_pesticide_grids_apr_l_Cotton_Glyphosate",0,294,0,0.983277591973244
"global_pesticide_grids_apr_l_Cotton_Imidacloprid",0,294,0,0.983277591973244
"global_pesticide_grids_apr_l_Cotton_Metolachlor_s",0,294,0,0.983277591973244
"global_pesticide_grids_apr_l_Cotton_Pendimethalin",0,294,0,0.983277591973244
"global_pesticide_grids_apr_h_Alfalfa_Carbaryl",0,287,0,0.959866220735786
"global_pesticide_grids_apr_h_Alfalfa_Cyhalothrin_lambda",0,287,0,0.959866220735786
"global_pesticide_grids_apr_h_Alfalfa_Eptc",0,287,0,0.959866220735786
"global_pesticide_grids_apr_h_Alfalfa_Hexazinone",0,287,0,0.959866220735786
"global_pesticide_grids_apr_h_Alfalfa_Paraquat",0,287,0,0.959866220735786
"global_pesticide_grids_apr_h_Alfalfa_Sethoxydim",0,287,0,0.959866220735786
"global_pesticide_grids_apr_h_Alfalfa_Trifluralin",0,287,0,0.959866220735786
"global_pesticide_grids_apr_h_Soybean_Acephate",0,287,0,0.959866220735786
"global_pesticide_grids_apr_h_Soybean_Acetochlor",0,287,0,0.959866220735786
"global_pesticide_grids_apr_h_Soybean_Acifluorfen",0,287,0,0.959866220735786
"global_pesticide_grids_apr_h_Soybean_Fomesafen",0,287,0,0.959866220735786
"global_pesticide_grids_apr_h_Soybean_Paraquat",0,287,0,0.959866220735786
"global_pesticide_grids_apr_h_Soybean_Pyroxasulfone",0,287,0,0.959866220735786
"global_pesticide_grids_apr_h_Soybean_Sulfentrazone",0,287,0,0.959866220735786
"global_pesticide_grids_apr_h_Soybean_Trifluralin",0,287,0,0.959866220735786
"global_pesticide_grids_apr_l_Alfalfa_Carbaryl",0,287,0,0.959866220735786
"global_pesticide_grids_apr_l_Alfalfa_Cyhalothrin_lambda",0,287,0,0.959866220735786
"global_pesticide_grids_apr_l_Alfalfa_Eptc",0,287,0,0.959866220735786
"global_pesticide_grids_apr_l_Alfalfa_Hexazinone",0,287,0,0.959866220735786
"global_pesticide_grids_apr_l_Alfalfa_Paraquat",0,287,0,0.959866220735786
"global_pesticide_grids_apr_l_Alfalfa_Sethoxydim",0,287,0,0.959866220735786
"global_pesticide_grids_apr_l_Alfalfa_Trifluralin",0,287,0,0.959866220735786
"global_pesticide_grids_apr_l_Soybean_Acephate",0,287,0,0.959866220735786
"global_pesticide_grids_apr_l_Soybean_Acetochlor",0,287,0,0.959866220735786
"global_pesticide_grids_apr_l_Soybean_Acifluorfen",0,287,0,0.959866220735786
"global_pesticide_grids_apr_l_Soybean_Fomesafen",0,287,0,0.959866220735786
"global_pesticide_grids_apr_l_Soybean_Paraquat",0,287,0,0.959866220735786
"global_pesticide_grids_apr_l_Soybean_Pyroxasulfone",0,287,0,0.959866220735786
"global_pesticide_grids_apr_l_Soybean_Sulfentrazone",0,287,0,0.959866220735786
"global_pesticide_grids_apr_l_Soybean_Trifluralin",0,287,0,0.959866220735786
"global_pesticide_grids_apr_h_Rice_2_4_d",0,285,0,0.953177257525084
"global_pesticide_grids_apr_h_Rice_Azoxystrobin",0,285,0,0.953177257525084
"global_pesticide_grids_apr_h_Rice_Bentazone",0,285,0,0.953177257525084
"global_pesticide_grids_apr_h_Rice_Clomazone",0,285,0,0.953177257525084
"global_pesticide_grids_apr_h_Rice_Clothianidin",0,285,0,0.953177257525084
"global_pesticide_grids_apr_h_Rice_Cyhalofop",0,285,0,0.953177257525084
"global_pesticide_grids_apr_h_Rice_Glyphosate",0,285,0,0.953177257525084
"global_pesticide_grids_apr_h_Rice_Halosulfuron",0,285,0,0.953177257525084
"global_pesticide_grids_apr_h_Rice_Pendimethalin",0,285,0,0.953177257525084
"global_pesticide_grids_apr_h_Rice_Propiconazole",0,285,0,0.953177257525084
"global_pesticide_grids_apr_h_Rice_Triclopyr",0,285,0,0.953177257525084
"global_pesticide_grids_apr_h_Rice_Trifloxystrobin",0,285,0,0.953177257525084
"global_pesticide_grids_apr_l_Rice_2_4_d",0,285,0,0.953177257525084
"global_pesticide_grids_apr_l_Rice_Azoxystrobin",0,285,0,0.953177257525084
"global_pesticide_grids_apr_l_Rice_Bentazone",0,285,0,0.953177257525084
"global_pesticide_grids_apr_l_Rice_Clomazone",0,285,0,0.953177257525084
"global_pesticide_grids_apr_l_Rice_Clothianidin",0,285,0,0.953177257525084
"global_pesticide_grids_apr_l_Rice_Cyhalofop",0,285,0,0.953177257525084
"global_pesticide_grids_apr_l_Rice_Glyphosate",0,285,0,0.953177257525084
"global_pesticide_grids_apr_l_Rice_Halosulfuron",0,285,0,0.953177257525084
"global_pesticide_grids_apr_l_Rice_Pendimethalin",0,285,0,0.953177257525084
"global_pesticide_grids_apr_l_Rice_Propiconazole",0,285,0,0.953177257525084
"global_pesticide_grids_apr_l_Rice_Triclopyr",0,285,0,0.953177257525084
"global_pesticide_grids_apr_l_Rice_Trifloxystrobin",0,285,0,0.953177257525084
"global_pesticide_grids_apr_h_Soybean_Glufosinate",0,284,0,0.949832775919732
"global_pesticide_grids_apr_l_Soybean_Glufosinate",0,284,0,0.949832775919732
"global_pesticide_grids_apr_h_Soybean_2_4_d",0,279,0,0.933110367892977
"global_pesticide_grids_apr_h_Soybean_Chlorpyrifos",0,279,0,0.933110367892977
"global_pesticide_grids_apr_h_Soybean_Clethodim",0,279,0,0.933110367892977
"global_pesticide_grids_apr_h_Soybean_Dicamba",0,279,0,0.933110367892977
"global_pesticide_grids_apr_h_Soybean_Dimethenamid_p",0,279,0,0.933110367892977
"global_pesticide_grids_apr_h_Soybean_Flumioxazin",0,279,0,0.933110367892977
"global_pesticide_grids_apr_h_Soybean_Glyphosate",0,279,0,0.933110367892977
"global_pesticide_grids_apr_h_Soybean_Metolachlor_s",0,279,0,0.933110367892977
"global_pesticide_grids_apr_h_Soybean_Metribuzin",0,279,0,0.933110367892977
"global_pesticide_grids_apr_h_Soybean_Pendimethalin",0,279,0,0.933110367892977
"global_pesticide_grids_apr_h_Soybean_Pyraclostrobin",0,279,0,0.933110367892977
"global_pesticide_grids_apr_l_Soybean_2_4_d",0,279,0,0.933110367892977
"global_pesticide_grids_apr_l_Soybean_Chlorpyrifos",0,279,0,0.933110367892977
"global_pesticide_grids_apr_l_Soybean_Clethodim",0,279,0,0.933110367892977
"global_pesticide_grids_apr_l_Soybean_Dicamba",0,279,0,0.933110367892977
"global_pesticide_grids_apr_l_Soybean_Dimethenamid_p",0,279,0,0.933110367892977
"global_pesticide_grids_apr_l_Soybean_Flumioxazin",0,279,0,0.933110367892977
"global_pesticide_grids_apr_l_Soybean_Glyphosate",0,279,0,0.933110367892977
"global_pesticide_grids_apr_l_Soybean_Metolachlor_s",0,279,0,0.933110367892977
"global_pesticide_grids_apr_l_Soybean_Metribuzin",0,279,0,0.933110367892977
"global_pesticide_grids_apr_l_Soybean_Pendimethalin",0,279,0,0.933110367892977
"global_pesticide_grids_apr_l_Soybean_Pyraclostrobin",0,279,0,0.933110367892977
"global_pesticide_grids_apr_h_Alfalfa_Malathion",0,277,0,0.926421404682274
"global_pesticide_grids_apr_l_Alfalfa_Malathion",0,277,0,0.926421404682274
"ds.earthserver.xyz..7000..S5p_L2_CH4_methane_mixing_ratio_global_Methane.Mixing.Ratio",0,272,0,0.909698996655518
"ds.earthserver.xyz..7000..S5p_L2_CH4_methane_mixing_ratio_precision_global_Methane.Mixing.Ratio.Precision",0,272,0,0.909698996655518
"global_pesticide_grids_apr_h_Alfalfa_Diuron",0,271,0,0.906354515050167
"global_pesticide_grids_apr_l_Alfalfa_Diuron",0,271,0,0.906354515050167
"global_pesticide_grids_apr_h_Alfalfa_Dimethoate",0,261,0,0.872909698996655
"global_pesticide_grids_apr_l_Alfalfa_Dimethoate",0,261,0,0.872909698996655
"global_pesticide_grids_apr_h_Alfalfa_2_4_db",0,247,0,0.826086956521739
"global_pesticide_grids_apr_l_Alfalfa_2_4_db",0,247,0,0.826086956521739
"global_pesticide_grids_apr_h_Alfalfa_2_4_d",0,245,0,0.819397993311037
"global_pesticide_grids_apr_h_Alfalfa_Bromoxynil",0,245,0,0.819397993311037
"global_pesticide_grids_apr_h_Alfalfa_Chlorpyrifos",0,245,0,0.819397993311037
"global_pesticide_grids_apr_h_Alfalfa_Clethodim",0,245,0,0.819397993311037
"global_pesticide_grids_apr_h_Alfalfa_Glyphosate",0,245,0,0.819397993311037
"global_pesticide_grids_apr_h_Alfalfa_Indoxacarb",0,245,0,0.819397993311037
"global_pesticide_grids_apr_h_Alfalfa_Metribuzin",0,245,0,0.819397993311037
"global_pesticide_grids_apr_h_Alfalfa_Pendimethalin",0,245,0,0.819397993311037
"global_pesticide_grids_apr_h_Alfalfa_Phosmet",0,245,0,0.819397993311037
"global_pesticide_grids_apr_l_Alfalfa_2_4_d",0,245,0,0.819397993311037
"global_pesticide_grids_apr_l_Alfalfa_Bromoxynil",0,245,0,0.819397993311037
"global_pesticide_grids_apr_l_Alfalfa_Chlorpyrifos",0,245,0,0.819397993311037
"global_pesticide_grids_apr_l_Alfalfa_Clethodim",0,245,0,0.819397993311037
"global_pesticide_grids_apr_l_Alfalfa_Glyphosate",0,245,0,0.819397993311037
"global_pesticide_grids_apr_l_Alfalfa_Indoxacarb",0,245,0,0.819397993311037
"global_pesticide_grids_apr_l_Alfalfa_Metribuzin",0,245,0,0.819397993311037
"global_pesticide_grids_apr_l_Alfalfa_Pendimethalin",0,245,0,0.819397993311037
"global_pesticide_grids_apr_l_Alfalfa_Phosmet",0,245,0,0.819397993311037
"ds.earthserver.xyz..7000..S2_L2A_B01_20m_B01",0,243,0,0.812709030100334
"ds.earthserver.xyz..7000..C3S_satellite_soil_moisture_passive_daily_t0_Observation.Timestamp",0,235,0,0.785953177257525
"ds.earthserver.xyz..7000..C3S_satellite_soil_moisture_active_daily_mode_Satellite.Mode",0,233,0,0.779264214046823
"ds.earthserver.xyz..7000..C3S_satellite_soil_moisture_combined_daily_mode_Satellite.Mode",0,218,0,0.729096989966555
"ds.earthserver.xyz..7000..C3S_satellite_soil_moisture_passive_daily_sensor_Sensor",0,214,0,0.71571906354515
"global_pesticide_grids_apr_h_OrcGra_Methyl_bromide",0,213,0,0.712374581939799
"global_pesticide_grids_apr_l_OrcGra_Methyl_bromide",0,213,0,0.712374581939799
"ds.earthserver.xyz..7000..C3S_satellite_soil_moisture_passive_daily_freqbandID_Frequency.Band.Identification",0,212,0,0.709030100334448
"global_pesticide_grids_apr_h_OrcGra_Copper_sulfate",0,206,0,0.688963210702341
"global_pesticide_grids_apr_h_OrcGra_Paraquat",0,206,0,0.688963210702341
"global_pesticide_grids_apr_l_OrcGra_Copper_sulfate",0,206,0,0.688963210702341
"global_pesticide_grids_apr_l_OrcGra_Paraquat",0,206,0,0.688963210702341
"global_pesticide_grids_apr_h_Corn_Alachlor",0,197,0,0.658862876254181
"global_pesticide_grids_apr_l_Corn_Alachlor",0,197,0,0.658862876254181
"global_pesticide_grids_apr_h_OrcGra_Copper_sulfate_tribasic",0,196,0,0.655518394648829
"global_pesticide_grids_apr_l_OrcGra_Copper_sulfate_tribasic",0,196,0,0.655518394648829
"global_pesticide_grids_apr_h_VegFru_Methyl_bromide",0,195,0,0.652173913043478
"global_pesticide_grids_apr_l_VegFru_Methyl_bromide",0,195,0,0.652173913043478
"global_pesticide_grids_apr_h_OrcGra_Diuron",0,190,0,0.635451505016722
"global_pesticide_grids_apr_l_OrcGra_Diuron",0,190,0,0.635451505016722
"global_pesticide_grids_apr_h_VegFru_Bacillus_amyloliquifacien",0,188,0,0.62876254180602
"global_pesticide_grids_apr_h_VegFru_Bensulide",0,188,0,0.62876254180602
"global_pesticide_grids_apr_h_VegFru_Eptc",0,188,0,0.62876254180602
"global_pesticide_grids_apr_h_VegFru_Ethalfluralin",0,188,0,0.62876254180602
"global_pesticide_grids_apr_l_VegFru_Bacillus_amyloliquifacien",0,188,0,0.62876254180602
"global_pesticide_grids_apr_l_VegFru_Bensulide",0,188,0,0.62876254180602
"global_pesticide_grids_apr_l_VegFru_Eptc",0,188,0,0.62876254180602
"global_pesticide_grids_apr_l_VegFru_Ethalfluralin",0,188,0,0.62876254180602
"global_pesticide_grids_apr_h_OrcGra_Petroleum_oil",0,187,0,0.625418060200669
"global_pesticide_grids_apr_l_OrcGra_Petroleum_oil",0,187,0,0.625418060200669
"global_pesticide_grids_apr_h_Corn_Acetochlor",0,179,0,0.59866220735786
"global_pesticide_grids_apr_h_Corn_Atrazine",0,179,0,0.59866220735786
"global_pesticide_grids_apr_h_Corn_Paraquat",0,179,0,0.59866220735786
"global_pesticide_grids_apr_h_Corn_Propargite",0,179,0,0.59866220735786
"global_pesticide_grids_apr_h_Corn_Simazine",0,179,0,0.59866220735786
"global_pesticide_grids_apr_h_Corn_Terbufos",0,179,0,0.59866220735786
"global_pesticide_grids_apr_l_Corn_Acetochlor",0,179,0,0.59866220735786
"global_pesticide_grids_apr_l_Corn_Atrazine",0,179,0,0.59866220735786
"global_pesticide_grids_apr_l_Corn_Paraquat",0,179,0,0.59866220735786
"global_pesticide_grids_apr_l_Corn_Propargite",0,179,0,0.59866220735786
"global_pesticide_grids_apr_l_Corn_Simazine",0,179,0,0.59866220735786
"global_pesticide_grids_apr_l_Corn_Terbufos",0,179,0,0.59866220735786
"ds.earthserver.xyz..7000..S2_L2A_SCL_20m_Scene.Classification",0,178,0,0.595317725752508
"ds.earthserver.xyz..7000..S2_L2A_TCI_10m_red",0,178,0,0.595317725752508
"ds.earthserver.xyz..7000..S2_L2A_CLDPRB_10m_CLDPRB",0,177,0,0.591973244147157
"ds.earthserver.xyz..7000..S2_L2A_SNWPRB_10m_SNWPRB",0,177,0,0.591973244147157
"ds.earthserver.xyz..7000..S2_L2A_WVP_10m_WVP",0,177,0,0.591973244147157
"global_pesticide_grids_apr_h_Other_Acetochlor",0,174,0,0.581939799331104
"global_pesticide_grids_apr_h_Other_Atrazine",0,174,0,0.581939799331104
"global_pesticide_grids_apr_h_Other_Bacillus_amyloliquifacien",0,174,0,0.581939799331104
"global_pesticide_grids_apr_h_Other_Paraquat",0,174,0,0.581939799331104
"global_pesticide_grids_apr_h_Other_Phorate",0,174,0,0.581939799331104
"global_pesticide_grids_apr_h_Other_Propazine",0,174,0,0.581939799331104
"global_pesticide_grids_apr_h_PasHay_Atrazine",0,174,0,0.581939799331104
"global_pesticide_grids_apr_h_PasHay_Dichlorprop",0,174,0,0.581939799331104
"global_pesticide_grids_apr_h_PasHay_Imazapyr",0,174,0,0.581939799331104
"global_pesticide_grids_apr_h_PasHay_Paraquat",0,174,0,0.581939799331104
"global_pesticide_grids_apr_h_Wheat_Atrazine",0,174,0,0.581939799331104
"global_pesticide_grids_apr_h_Wheat_Paraquat",0,174,0,0.581939799331104
"global_pesticide_grids_apr_l_Other_Acetochlor",0,174,0,0.581939799331104
"global_pesticide_grids_apr_l_Other_Atrazine",0,174,0,0.581939799331104
"global_pesticide_grids_apr_l_Other_Bacillus_amyloliquifacien",0,174,0,0.581939799331104
"global_pesticide_grids_apr_l_Other_Paraquat",0,174,0,0.581939799331104
"global_pesticide_grids_apr_l_Other_Phorate",0,174,0,0.581939799331104
"global_pesticide_grids_apr_l_Other_Propazine",0,174,0,0.581939799331104
"global_pesticide_grids_apr_l_PasHay_Atrazine",0,174,0,0.581939799331104
"global_pesticide_grids_apr_l_PasHay_Dichlorprop",0,174,0,0.581939799331104
"global_pesticide_grids_apr_l_PasHay_Imazapyr",0,174,0,0.581939799331104
"global_pesticide_grids_apr_l_PasHay_Paraquat",0,174,0,0.581939799331104
"global_pesticide_grids_apr_l_Wheat_Atrazine",0,174,0,0.581939799331104
"global_pesticide_grids_apr_l_Wheat_Paraquat",0,174,0,0.581939799331104
"global_pesticide_grids_apr_h_OrcGra_Chloropicrin",0,171,0,0.57190635451505
"global_pesticide_grids_apr_h_OrcGra_Dichloropropene",0,171,0,0.57190635451505
"global_pesticide_grids_apr_h_VegFru_Petroleum_oil",0,171,0,0.57190635451505
"global_pesticide_grids_apr_l_OrcGra_Chloropicrin",0,171,0,0.57190635451505
"global_pesticide_grids_apr_l_OrcGra_Dichloropropene",0,171,0,0.57190635451505
"global_pesticide_grids_apr_l_VegFru_Petroleum_oil",0,171,0,0.57190635451505
"global_pesticide_grids_apr_h_OrcGra_Glufosinate",0,163,0,0.545150501672241
"global_pesticide_grids_apr_l_OrcGra_Glufosinate",0,163,0,0.545150501672241
"eu_demography_tot_p",0,161,0,0.538461538461538
"global_pesticide_grids_apr_h_OrcGra_Calcium_polysulfide",0,158,0,0.528428093645485
"global_pesticide_grids_apr_h_PasHay_Diuron",0,158,0,0.528428093645485
"global_pesticide_grids_apr_l_OrcGra_Calcium_polysulfide",0,158,0,0.528428093645485
"global_pesticide_grids_apr_l_PasHay_Diuron",0,158,0,0.528428093645485
"global_pesticide_grids_apr_h_OrcGra_Oxyfluorfen",0,151,0,0.505016722408027
"global_pesticide_grids_apr_l_OrcGra_Oxyfluorfen",0,151,0,0.505016722408027
"global_pesticide_grids_apr_h_OrcGra_Copper_hydroxide",0,149,0,0.498327759197324
"global_pesticide_grids_apr_l_OrcGra_Copper_hydroxide",0,149,0,0.498327759197324
"global_pesticide_grids_apr_h_OrcGra_Ziram",0,146,0,0.488294314381271
"global_pesticide_grids_apr_l_OrcGra_Ziram",0,146,0,0.488294314381271
"ds.earthserver.xyz..7000..S2_L2A_CLASSI_60m_opaque",0,144,0,0.481605351170569
"global_pesticide_grids_apr_h_OrcGra_Chlorpyrifos",0,143,0,0.478260869565217
"global_pesticide_grids_apr_h_VegFru_Ethoprophos",0,143,0,0.478260869565217
"global_pesticide_grids_apr_l_OrcGra_Chlorpyrifos",0,143,0,0.478260869565217
"global_pesticide_grids_apr_l_VegFru_Ethoprophos",0,143,0,0.478260869565217
"global_pesticide_grids_apr_h_Wheat_Tri_allate",0,141,0,0.471571906354515
"global_pesticide_grids_apr_l_Wheat_Tri_allate",0,141,0,0.471571906354515
"global_pesticide_grids_apr_h_VegFru_Chloropicrin",0,133,0,0.444816053511706
"global_pesticide_grids_apr_h_VegFru_Dichloropropene",0,133,0,0.444816053511706
"global_pesticide_grids_apr_l_VegFru_Chloropicrin",0,133,0,0.444816053511706
"global_pesticide_grids_apr_l_VegFru_Dichloropropene",0,133,0,0.444816053511706
"european_settlement_map_2015_esm",0,127,0,0.424749163879599
"global_pesticide_grids_apr_h_OrcGra_2_4_d",0,127,0,0.424749163879599
"global_pesticide_grids_apr_h_OrcGra_Captan",0,127,0,0.424749163879599
"global_pesticide_grids_apr_h_OrcGra_Chlorothalonil",0,127,0,0.424749163879599
"global_pesticide_grids_apr_h_OrcGra_Glyphosate",0,127,0,0.424749163879599
"global_pesticide_grids_apr_h_OrcGra_Mancozeb",0,127,0,0.424749163879599
"global_pesticide_grids_apr_h_OrcGra_Pendimethalin",0,127,0,0.424749163879599
"global_pesticide_grids_apr_l_OrcGra_2_4_d",0,127,0,0.424749163879599
"global_pesticide_grids_apr_l_OrcGra_Captan",0,127,0,0.424749163879599
"global_pesticide_grids_apr_l_OrcGra_Chlorothalonil",0,127,0,0.424749163879599
"global_pesticide_grids_apr_l_OrcGra_Glyphosate",0,127,0,0.424749163879599
"global_pesticide_grids_apr_l_OrcGra_Mancozeb",0,127,0,0.424749163879599
"global_pesticide_grids_apr_l_OrcGra_Pendimethalin",0,127,0,0.424749163879599
"dominant_leaf_type_10m_dlt",0,126,0,0.421404682274247
"dominant_leaf_type_20m_dlt",0,126,0,0.421404682274247
"european_settlement_map_2018_esm",0,126,0,0.421404682274247
"forest_type_10m_ft",0,126,0,0.421404682274247
"forest_type_20m_ft",0,126,0,0.421404682274247
"grassland_10m_grassland",0,126,0,0.421404682274247
"grassland_20m_grassland",0,126,0,0.421404682274247
"imperviousness_10m_imperviousness",0,126,0,0.421404682274247
"imperviousness_20m_imperviousness",0,126,0,0.421404682274247
"small_woody_features_2015_swf",0,126,0,0.421404682274247
"small_woody_features_2018_swf",0,126,0,0.421404682274247
"tree_cover_density_10m_tcd",0,126,0,0.421404682274247
"tree_cover_density_20m_tcd",0,126,0,0.421404682274247
"water_and_wetness_10m_waw",0,126,0,0.421404682274247
"water_and_wetness_20m_waw",0,126,0,0.421404682274247
"corine_land_cover_landcover",0,124,0,0.414715719063545
"global_pesticide_grids_apr_h_Corn_Glufosinate",0,123,0,0.411371237458194
"global_pesticide_grids_apr_l_Corn_Glufosinate",0,123,0,0.411371237458194
"global_pesticide_grids_apr_h_Other_Chloropicrin",0,117,0,0.391304347826087
"global_pesticide_grids_apr_h_Other_Dichloropropene",0,117,0,0.391304347826087
"global_pesticide_grids_apr_l_Other_Chloropicrin",0,117,0,0.391304347826087
"global_pesticide_grids_apr_l_Other_Dichloropropene",0,117,0,0.391304347826087
"global_pesticide_grids_apr_h_VegFru_Metam",0,116,0,0.387959866220736
"global_pesticide_grids_apr_h_VegFru_Metam_potassium",0,116,0,0.387959866220736
"global_pesticide_grids_apr_l_VegFru_Metam",0,116,0,0.387959866220736
"global_pesticide_grids_apr_l_VegFru_Metam_potassium",0,116,0,0.387959866220736
"global_pesticide_grids_apr_h_PasHay_Glufosinate",0,115,0,0.384615384615385
"global_pesticide_grids_apr_h_VegFru_Copper_hydroxide",0,115,0,0.384615384615385
"global_pesticide_grids_apr_l_PasHay_Glufosinate",0,115,0,0.384615384615385
"global_pesticide_grids_apr_l_VegFru_Copper_hydroxide",0,115,0,0.384615384615385
"global_pesticide_grids_apr_h_PasHay_2_4_db",0,109,0,0.364548494983278
"global_pesticide_grids_apr_l_PasHay_2_4_db",0,109,0,0.364548494983278
"global_pesticide_grids_apr_h_Corn_Chlorpyrifos",0,105,0,0.351170568561873
"global_pesticide_grids_apr_l_Corn_Chlorpyrifos",0,105,0,0.351170568561873
"global_pesticide_grids_apr_h_Wheat_Chlorpyrifos",0,102,0,0.341137123745819
"global_pesticide_grids_apr_l_Wheat_Chlorpyrifos",0,102,0,0.341137123745819
"ds.earthserver.xyz..7000..S3_OLCI_L2_LFR_RC681_global_Radiance.at.681.nm",0,101,0,0.337792642140468
"ds.earthserver.xyz..7000..S3_OLCI_L2_LFR_RC865_global_Radiance.at.865.nm",0,101,0,0.337792642140468
"global_pesticide_grids_apr_h_Other_Metam",0,100,0,0.334448160535117
"global_pesticide_grids_apr_l_Other_Metam",0,100,0,0.334448160535117
"ds.earthserver.xyz..7000..C3S_satellite_soil_moisture_combined_daily_t0_Observation.Timestamp",0,96,0,0.321070234113712
"global_pesticide_grids_apr_h_Other_Chlorpyrifos",0,95,0,0.317725752508361
"global_pesticide_grids_apr_l_Other_Chlorpyrifos",0,95,0,0.317725752508361
"global_pesticide_grids_apr_h_PasHay_Picloram",0,83,0,0.277591973244147
"global_pesticide_grids_apr_l_PasHay_Picloram",0,83,0,0.277591973244147
"global_pesticide_grids_apr_h_VegFru_Captan",0,80,0,0.267558528428094
"global_pesticide_grids_apr_h_VegFru_Metolachlor_s",0,80,0,0.267558528428094
"global_pesticide_grids_apr_l_VegFru_Captan",0,80,0,0.267558528428094
"global_pesticide_grids_apr_l_VegFru_Metolachlor_s",0,80,0,0.267558528428094
"ds.earthserver.xyz..7000..C3S_satellite_soil_moisture_passive_daily_mode_Satellite.Mode",0,79,0,0.264214046822742
"global_pesticide_grids_apr_h_VegFru_Bentazone",0,78,0,0.260869565217391
"global_pesticide_grids_apr_l_VegFru_Bentazone",0,78,0,0.260869565217391
"global_pesticide_grids_apr_h_Corn_2_4_d",0,73,0,0.244147157190635
"global_pesticide_grids_apr_h_Corn_Azoxystrobin",0,73,0,0.244147157190635
"global_pesticide_grids_apr_h_Corn_Clopyralid",0,73,0,0.244147157190635
"global_pesticide_grids_apr_h_Corn_Dicamba",0,73,0,0.244147157190635
"global_pesticide_grids_apr_h_Corn_Dimethenamid_p",0,73,0,0.244147157190635
"global_pesticide_grids_apr_h_Corn_Glyphosate",0,73,0,0.244147157190635
"global_pesticide_grids_apr_h_Corn_Isoxaflutole",0,73,0,0.244147157190635
"global_pesticide_grids_apr_h_Corn_Mesotrione",0,73,0,0.244147157190635
"global_pesticide_grids_apr_h_Corn_Metolachlor_s",0,73,0,0.244147157190635
"global_pesticide_grids_apr_h_Corn_Pendimethalin",0,73,0,0.244147157190635
"global_pesticide_grids_apr_h_Corn_Pyraclostrobin",0,73,0,0.244147157190635
"global_pesticide_grids_apr_l_Corn_2_4_d",0,73,0,0.244147157190635
"global_pesticide_grids_apr_l_Corn_Azoxystrobin",0,73,0,0.244147157190635
"global_pesticide_grids_apr_l_Corn_Clopyralid",0,73,0,0.244147157190635
"global_pesticide_grids_apr_l_Corn_Dicamba",0,73,0,0.244147157190635
"global_pesticide_grids_apr_l_Corn_Dimethenamid_p",0,73,0,0.244147157190635
"global_pesticide_grids_apr_l_Corn_Glyphosate",0,73,0,0.244147157190635
"global_pesticide_grids_apr_l_Corn_Isoxaflutole",0,73,0,0.244147157190635
"global_pesticide_grids_apr_l_Corn_Mesotrione",0,73,0,0.244147157190635
"global_pesticide_grids_apr_l_Corn_Metolachlor_s",0,73,0,0.244147157190635
"global_pesticide_grids_apr_l_Corn_Pendimethalin",0,73,0,0.244147157190635
"global_pesticide_grids_apr_l_Corn_Pyraclostrobin",0,73,0,0.244147157190635
"global_pesticide_grids_apr_h_PasHay_Triclopyr",0,70,0,0.234113712374582
"global_pesticide_grids_apr_l_PasHay_Triclopyr",0,70,0,0.234113712374582
"global_pesticide_grids_apr_h_Wheat_Dimethoate",0,69,0,0.230769230769231
"global_pesticide_grids_apr_l_Wheat_Dimethoate",0,69,0,0.230769230769231
"global_pesticide_grids_apr_h_PasHay_Metsulfuron",0,66,0,0.220735785953177
"global_pesticide_grids_apr_l_PasHay_Metsulfuron",0,66,0,0.220735785953177
"ds.earthserver.xyz..7000..C3S_satellite_soil_moisture_active_daily_t0_Observation.Timestamp",0,66,0,0.220735785953177
"global_pesticide_grids_apr_h_VegFru_Chlorothalonil",0,64,0,0.214046822742475
"global_pesticide_grids_apr_h_VegFru_Pendimethalin",0,64,0,0.214046822742475
"global_pesticide_grids_apr_l_VegFru_Chlorothalonil",0,64,0,0.214046822742475
"global_pesticide_grids_apr_l_VegFru_Pendimethalin",0,64,0,0.214046822742475
"global_pesticide_grids_apr_h_Other_Dimethenamid_p",0,63,0,0.210702341137124
"global_pesticide_grids_apr_h_Other_Metolachlor_s",0,63,0,0.210702341137124
"global_pesticide_grids_apr_h_PasHay_Metolachlor_s",0,63,0,0.210702341137124
"global_pesticide_grids_apr_l_Other_Dimethenamid_p",0,63,0,0.210702341137124
"global_pesticide_grids_apr_l_Other_Metolachlor_s",0,63,0,0.210702341137124
"global_pesticide_grids_apr_l_PasHay_Metolachlor_s",0,63,0,0.210702341137124
"global_pesticide_grids_apr_h_VegFru_Glyphosate",0,61,0,0.204013377926421
"global_pesticide_grids_apr_h_VegFru_Mancozeb",0,61,0,0.204013377926421
"global_pesticide_grids_apr_h_VegFru_Thiophanate_methyl",0,61,0,0.204013377926421
"global_pesticide_grids_apr_l_VegFru_Glyphosate",0,61,0,0.204013377926421
"global_pesticide_grids_apr_l_VegFru_Mancozeb",0,61,0,0.204013377926421
"global_pesticide_grids_apr_l_VegFru_Thiophanate_methyl",0,61,0,0.204013377926421
"global_pesticide_grids_apr_h_Wheat_Metconazole",0,55,0,0.183946488294314
"global_pesticide_grids_apr_l_Wheat_Metconazole",0,55,0,0.183946488294314
"global_pesticide_grids_apr_h_Wheat_Bromoxynil",0,52,0,0.173913043478261
"global_pesticide_grids_apr_h_Wheat_Dicamba",0,52,0,0.173913043478261
"global_pesticide_grids_apr_h_Wheat_Pinoxaden",0,52,0,0.173913043478261
"global_pesticide_grids_apr_h_Wheat_Tebuconazole",0,52,0,0.173913043478261
"global_pesticide_grids_apr_l_Wheat_Bromoxynil",0,52,0,0.173913043478261
"global_pesticide_grids_apr_l_Wheat_Dicamba",0,52,0,0.173913043478261
"global_pesticide_grids_apr_l_Wheat_Pinoxaden",0,52,0,0.173913043478261
"global_pesticide_grids_apr_l_Wheat_Tebuconazole",0,52,0,0.173913043478261
"global_pesticide_grids_apr_h_PasHay_Aminopyralid",0,50,0,0.167224080267559
"global_pesticide_grids_apr_l_PasHay_Aminopyralid",0,50,0,0.167224080267559
"ds.earthserver.xyz..7000..S5p_L2_CO_carbonmonoxide_total_column_global_CO.Total.Column",0,50,0,0.167224080267559
"ds.earthserver.xyz..7000..S5p_L2_CO_carbonmonoxide_total_column_precision_global_CO.Total.Column.Precision",0,50,0,0.167224080267559
"global_pesticide_grids_apr_h_Other_Flutolanil",0,49,0,0.163879598662207
"global_pesticide_grids_apr_h_Wheat_2_4_d",0,49,0,0.163879598662207
"global_pesticide_grids_apr_h_Wheat_Azoxystrobin",0,49,0,0.163879598662207
"global_pesticide_grids_apr_h_Wheat_Clopyralid",0,49,0,0.163879598662207
"global_pesticide_grids_apr_h_Wheat_Fluroxypyr",0,49,0,0.163879598662207
"global_pesticide_grids_apr_h_Wheat_Glyphosate",0,49,0,0.163879598662207
"global_pesticide_grids_apr_h_Wheat_Mcpa",0,49,0,0.163879598662207
"global_pesticide_grids_apr_h_Wheat_Propiconazole",0,49,0,0.163879598662207
"global_pesticide_grids_apr_h_Wheat_Prothioconazole",0,49,0,0.163879598662207
"global_pesticide_grids_apr_h_Wheat_Pyraclostrobin",0,49,0,0.163879598662207
"global_pesticide_grids_apr_h_Wheat_Thiophanate_methyl",0,49,0,0.163879598662207
"global_pesticide_grids_apr_l_Other_Flutolanil",0,49,0,0.163879598662207
"global_pesticide_grids_apr_l_Wheat_2_4_d",0,49,0,0.163879598662207
"global_pesticide_grids_apr_l_Wheat_Azoxystrobin",0,49,0,0.163879598662207
"global_pesticide_grids_apr_l_Wheat_Clopyralid",0,49,0,0.163879598662207
"global_pesticide_grids_apr_l_Wheat_Fluroxypyr",0,49,0,0.163879598662207
"global_pesticide_grids_apr_l_Wheat_Glyphosate",0,49,0,0.163879598662207
"global_pesticide_grids_apr_l_Wheat_Mcpa",0,49,0,0.163879598662207
"global_pesticide_grids_apr_l_Wheat_Propiconazole",0,49,0,0.163879598662207
"global_pesticide_grids_apr_l_Wheat_Prothioconazole",0,49,0,0.163879598662207
"global_pesticide_grids_apr_l_Wheat_Pyraclostrobin",0,49,0,0.163879598662207
"global_pesticide_grids_apr_l_Wheat_Thiophanate_methyl",0,49,0,0.163879598662207
"ds.earthserver.xyz..7000..C3S_satellite_soil_moisture_active_daily_freqbandID_Frequency.Band.Identification",0,48,0,0.160535117056856
"ds.earthserver.xyz..7000..C3S_satellite_soil_moisture_active_daily_sensor_Sensor",0,48,0,0.160535117056856
"global_pesticide_grids_apr_h_PasHay_Dicamba",0,47,0,0.157190635451505
"global_pesticide_grids_apr_l_PasHay_Dicamba",0,47,0,0.157190635451505
"global_pesticide_grids_apr_h_PasHay_Clethodim",0,46,0,0.153846153846154
"global_pesticide_grids_apr_l_PasHay_Clethodim",0,46,0,0.153846153846154
"global_pesticide_grids_apr_h_Other_Bromoxynil",0,45,0,0.150501672240803
"global_pesticide_grids_apr_h_Other_Chlorothalonil",0,45,0,0.150501672240803
"global_pesticide_grids_apr_h_Other_Dicamba",0,45,0,0.150501672240803
"global_pesticide_grids_apr_h_Other_Pendimethalin",0,45,0,0.150501672240803
"global_pesticide_grids_apr_l_Other_Bromoxynil",0,45,0,0.150501672240803
"global_pesticide_grids_apr_l_Other_Chlorothalonil",0,45,0,0.150501672240803
"global_pesticide_grids_apr_l_Other_Dicamba",0,45,0,0.150501672240803
"global_pesticide_grids_apr_l_Other_Pendimethalin",0,45,0,0.150501672240803
"global_pesticide_grids_apr_h_PasHay_2_4_d",0,44,0,0.147157190635452
"global_pesticide_grids_apr_h_PasHay_Clopyralid",0,44,0,0.147157190635452
"global_pesticide_grids_apr_h_PasHay_Fluroxypyr",0,44,0,0.147157190635452
"global_pesticide_grids_apr_h_PasHay_Glyphosate",0,44,0,0.147157190635452
"global_pesticide_grids_apr_h_PasHay_Mcpa",0,44,0,0.147157190635452
"global_pesticide_grids_apr_h_PasHay_Metribuzin",0,44,0,0.147157190635452
"global_pesticide_grids_apr_l_PasHay_2_4_d",0,44,0,0.147157190635452
"global_pesticide_grids_apr_l_PasHay_Clopyralid",0,44,0,0.147157190635452
"global_pesticide_grids_apr_l_PasHay_Fluroxypyr",0,44,0,0.147157190635452
"global_pesticide_grids_apr_l_PasHay_Glyphosate",0,44,0,0.147157190635452
"global_pesticide_grids_apr_l_PasHay_Mcpa",0,44,0,0.147157190635452
"global_pesticide_grids_apr_l_PasHay_Metribuzin",0,44,0,0.147157190635452
"ds.earthserver.xyz..7000..C3S_satellite_soil_moisture_combined_daily_freqbandID_Frequency.Band.Identification",0,43,0,0.1438127090301
"ds.earthserver.xyz..7000..C3S_satellite_soil_moisture_combined_daily_sensor_sensor",0,43,0,0.1438127090301
"global_pesticide_grids_apr_h_Other_2_4_d",0,42,0,0.140468227424749
"global_pesticide_grids_apr_h_Other_Glyphosate",0,42,0,0.140468227424749
"global_pesticide_grids_apr_h_Other_Metribuzin",0,42,0,0.140468227424749
"global_pesticide_grids_apr_l_Other_2_4_d",0,42,0,0.140468227424749
"global_pesticide_grids_apr_l_Other_Glyphosate",0,42,0,0.140468227424749
"global_pesticide_grids_apr_l_Other_Metribuzin",0,42,0,0.140468227424749
"ds.earthserver.xyz..7000..ERA5_Surface.thermal.radiation.downwards",0,31,0,0.103678929765886
"ds.earthserver.xyz..7000..ERA5_2.metre.temperature",0,31,0,0.103678929765886
"ds.earthserver.xyz..7000..ERA5_10.metre.U.wind.component",0,31,0,0.103678929765886
"ds.earthserver.xyz..7000..ERA5_10.metre.V.wind.component",0,31,0,0.103678929765886
"ds.earthserver.xyz..7000..ERA5_Total.precipitation",0,31,0,0.103678929765886
"ds.earthserver.xyz..7000..ERA5_Land_monthly_10.metre.V.wind.component",0,31,0,0.103678929765886
"ds.earthserver.xyz..7000..S5p_L2_CLOUD_cloud_base_height_global_Cloud.Base.Height",0,15,0,0.0501672240802676
"ds.earthserver.xyz..7000..S5p_L2_CLOUD_cloud_base_height_precision_global_Cloud.Base.Height.Precision",0,15,0,0.0501672240802676
"ds.earthserver.xyz..7000..S5p_L2_CLOUD_cloud_base_pressure_global_Cloud.Base.Pressure",0,15,0,0.0501672240802676
"ds.earthserver.xyz..7000..S5p_L2_CLOUD_cloud_base_pressure_precision_global_Cloud.Base.Pressure.Precision",0,15,0,0.0501672240802676
"ds.earthserver.xyz..7000..S5p_L2_CLOUD_cloud_fraction_precision_global_Cloud.Fraction.Precision",0,15,0,0.0501672240802676
"ds.earthserver.xyz..7000..S5p_L2_CLOUD_cloud_optical_thickness_global_Cloud.Optical.Thickness",0,15,0,0.0501672240802676
"ds.earthserver.xyz..7000..S5p_L2_CLOUD_cloud_optical_thickness_precision_global_Cloud.Optical.Thickness.Precision",0,15,0,0.0501672240802676
"ds.earthserver.xyz..7000..S5p_L2_CLOUD_cloud_top_height_global_Cloud.Top.Height",0,15,0,0.0501672240802676
"ds.earthserver.xyz..7000..S5p_L2_CLOUD_cloud_top_height_precision_global_Cloud.Top.Height.Precision",0,15,0,0.0501672240802676
"ds.earthserver.xyz..7000..S5p_L2_CLOUD_cloud_top_pressure_global_Cloud.Top.Pressure",0,15,0,0.0501672240802676
"ds.earthserver.xyz..7000..S5p_L2_CLOUD_cloud_top_pressure_precision_global_Cloud.Top.Pressure.Precision",0,15,0,0.0501672240802676
"ds.earthserver.xyz..7000..S5p_L2_HCHO_formaldehyde_tropospheric_vertical_column_global_Formaldehyde.Vertical.Column",0,14,0,0.0468227424749164
"ds.earthserver.xyz..7000..S5p_L2_HCHO_formaldehyde_tropospheric_vertical_column_precision_global_Formaldehyde.Vertical.Column.Precision",0,14,0,0.0468227424749164
"ds.earthserver.xyz..7000..S5p_L2_SO2_sulfurdioxide_total_vertical_column_global_SO2.Vertical.Column",0,13,0,0.0434782608695652
"ds.earthserver.xyz..7000..S5p_L2_SO2_sulfurdioxide_total_vertical_column_precision_global_SO2.Vertical.Column.Precision",0,13,0,0.0434782608695652
"ds.earthserver.xyz..7000..S5p_L2_NO2_nitrogendioxide_tropospheric_column_global_NO2.Tropospheric.Column",0,6,0,0.020066889632107
"ds.earthserver.xyz..7000..S5p_L2_NO2_nitrogendioxide_tropospheric_column_precision_global_NO2.Tropospheric.Column.Precision",0,6,0,0.020066889632107
"ds.earthserver.xyz..7000..S5p_L2_NO2_nitrogendioxide_tropospheric_column_precision_kernel_global_NO2.Tropospheric.Column.Precision.Kernel",0,6,0,0.020066889632107
"ds.earthserver.xyz..7000..S5p_L2_CLOUD_cloud_fraction_global_Cloud.Fraction",0,1,0,0.00334448160535117
"ds.earthserver.xyz..7000..S5p_L2_O3_ozone_total_vertical_column_global_Ozone.Vertical.Column",0,1,0,0.00334448160535117
"ds.earthserver.xyz..7000..S5p_L2_O3_ozone_total_vertical_column_precision_global_Ozone.Vertical.Column.Precision",0,1,0,0.00334448160535117
"lat",0,0,0,0
"lon",0,0,0,0
"ds.earthserver.xyz..7000..AvgTemperatureColorScaled_Red",0,0,0,0
"ds.earthserver.xyz..7000..C3S_satellite_soil_moisture_active_daily_dnflag_Day...Night.Flag",0,0,0,0
"ds.earthserver.xyz..7000..C3S_satellite_soil_moisture_active_daily_flag_Flag",0,0,0,0
"ds.earthserver.xyz..7000..C3S_satellite_soil_moisture_active_daily_sm_Percent.of.Saturation.Soil.Moisture",0,0,0,0
"ds.earthserver.xyz..7000..C3S_satellite_soil_moisture_active_daily_sm_uncertainty_Percent.of.Saturation.Soil.Moisture.Uncertainty",0,0,0,0
"ds.earthserver.xyz..7000..C3S_satellite_soil_moisture_combined_daily_dnflag_Day...Night.Flag",0,0,0,0
"ds.earthserver.xyz..7000..C3S_satellite_soil_moisture_combined_daily_flag_Flag",0,0,0,0
"ds.earthserver.xyz..7000..C3S_satellite_soil_moisture_combined_daily_sm_Volumetric.Soil.Moisture",0,0,0,0
"ds.earthserver.xyz..7000..C3S_satellite_soil_moisture_combined_daily_sm_uncertainty_Volumetric.Soil.Moisture.Uncertainty",0,0,0,0
"ds.earthserver.xyz..7000..C3S_satellite_soil_moisture_passive_daily_dnflag_Day...Night.Flag",0,0,0,0
"ds.earthserver.xyz..7000..C3S_satellite_soil_moisture_passive_daily_flag_Flag",0,0,0,0
"ds.earthserver.xyz..7000..C3S_satellite_soil_moisture_passive_daily_sm_Volumetric.Soil.Moisture",0,0,0,0
"ds.earthserver.xyz..7000..C3S_satellite_soil_moisture_passive_daily_sm_uncertainty_Volumetric.Soil.Moisture.Uncertainty",0,0,0,0
"ds.earthserver.xyz..7000..ERA5_2.metre.dewpoint.temperature",0,0,0,0
"ds.earthserver.xyz..7000..ERA5_Surface.pressure",0,0,0,0
"ds.earthserver.xyz..7000..ERA5_Land_monthly_10.metre.U.wind.component",0,0,0,0
"ds.earthserver.xyz..7000..S1_GRDH_IW_DV_VH_Sentinel.1.GRD",0,0,0,0
"ds.earthserver.xyz..7000..S1_GRDH_IW_DV_VV_Sentinel.1.GRD",0,0,0,0
"ds.earthserver.xyz..7000..S1_GRDM_EW_DH_HH_Sentinel.1.GRD",0,0,0,0
"ds.earthserver.xyz..7000..S1_GRDM_EW_DH_HV_Sentinel.1.GRD",0,0,0,0
"ds.earthserver.xyz..7000..S5p_L2_AER_AI_aerosol_index_335_367_global_Aerosol.Index..335.367.nm.",0,0,0,0
"ds.earthserver.xyz..7000..S5p_L2_AER_AI_aerosol_index_335_367_precision_global_Aerosol.Index.Precision..335.367.nm.",0,0,0,0
"ds.earthserver.xyz..7000..S5p_L2_AER_AI_aerosol_index_340_380_global_Aerosol.Index..340.380.nm.",0,0,0,0
"ds.earthserver.xyz..7000..S5p_L2_AER_AI_aerosol_index_340_380_precision_global_Aerosol.Index.Precision..340.380.nm.",0,0,0,0
"ds.earthserver.xyz..7000..S5p_L2_AER_AI_aerosol_index_354_388_global_Aerosol.Index..354.388.nm.",0,0,0,0
"ds.earthserver.xyz..7000..S5p_L2_AER_AI_aerosol_index_354_388_precision_global_Aerosol.Index.Precision..354.388.nm.",0,0,0,0
"ds.earthserver.xyz..7000..S5p_L2_AER_LH_aerosol_mid_height_global_Aerosol.Mid.Height",0,0,0,0
"ds.earthserver.xyz..7000..S5p_L2_AER_LH_aerosol_mid_height_precision_global_Aerosol.Mid.Height.Precision",0,0,0,0
"ds.earthserver.xyz..7000..S5p_L2_AER_LH_aerosol_mid_pressure_global_Aerosol.Mid.Pressure",0,0,0,0
"ds.earthserver.xyz..7000..S5p_L2_AER_LH_aerosol_mid_pressure_precision_global_Aerosol.Mid.Pressure.Precision",0,0,0,0
"ds.earthserver.xyz..7000..S5p_L2_CH4_methane_mixing_ratio_bias_corrected_global_Methane.Mixing.Ratio..Bias.Corrected.",0,0,0,0
"ds.earthserver.xyz..7000..S5p_L2_CO_carbonmonoxide_total_column_corrected_global_CO.Total.Column..Corrected.",0,0,0,0
"ds.earthserver.xyz..7000..S5p_L2_NO2_air_mass_factor_total_global_NO2.Air.Mass.Factor..Total.",0,0,0,0
"ds.earthserver.xyz..7000..S5p_L2_NO2_air_mass_factor_troposphere_global_NO2.Air.Mass.Factor..Troposphere.",0,0,0,0
"ds.earthserver.xyz..7000..TotalPrecipitation_Total.precipitation",0,0,0,0
"latitude",0,0,0,0
"longitude",0,0,0,0
"ds.earthserver.xyz..7000..S1_GRDM_EW_DV_VH_Sentinel.1.GRD",242,NA,0.809364548494983,NA
"ds.earthserver.xyz..7000..S1_GRDM_EW_DV_VV_Sentinel.1.GRD",242,NA,0.809364548494983,NA
"ds.earthserver.xyz..7000..S2_L2A_B02_10m_B02",177,NA,0.591973244147157,NA
"ds.earthserver.xyz..7000..S2_L2A_B03_10m_B03",186,NA,0.622073578595318,NA
"ds.earthserver.xyz..7000..S2_L2A_B04_10m_B04",181,NA,0.605351170568562,NA
"ds.earthserver.xyz..7000..S2_L2A_B05_20m_B05",179,NA,0.59866220735786,NA
"ds.earthserver.xyz..7000..S2_L2A_B06_20m_B06",179,NA,0.59866220735786,NA
"ds.earthserver.xyz..7000..S2_L2A_B07_20m_B07",177,NA,0.591973244147157,NA
"ds.earthserver.xyz..7000..S2_L2A_B08_10m_B08",178,NA,0.595317725752508,NA
"ds.earthserver.xyz..7000..S2_L2A_B09_60m_B09",177,NA,0.591973244147157,NA
"ds.earthserver.xyz..7000..S2_L2A_B11_20m_B11",178,NA,0.595317725752508,NA
"ds.earthserver.xyz..7000..S2_L2A_B12_20m_B12",178,NA,0.595317725752508,NA
"ds.earthserver.xyz..7000..S2_L2A_B8A_20m_B8A",177,NA,0.591973244147157,NA
"ds.earthserver.xyz..7000..S2_L2A_CLASSI_60m_cirrus",144,NA,0.481605351170569,NA
"ds.earthserver.xyz..7000..S2_L2A_CLASSI_60m_snowice",144,NA,0.481605351170569,NA
"ds.earthserver.xyz..7000..S2_L2A_TCI_10m_green",178,NA,0.595317725752508,NA
"ds.earthserver.xyz..7000..S2_L2A_TCI_10m_blue",178,NA,0.595317725752508,NA
"ds.earthserver.xyz..7000..S3_OLCI_L2_LFR_GIFAPAR_global_Green.Instantaneous.Fraction.of.Absorbed.Photosynthetically.Active.Radiation",232,NA,0.775919732441472,NA
"ds.earthserver.xyz..7000..S3_OLCI_L2_LFR_IWV_global_Integrated.water.vapour.column",232,NA,0.775919732441472,NA
"ds.earthserver.xyz..7000..S3_OLCI_L2_LFR_OTCI_global_OLCI.Terrestrial.Chlorophyll.Index",232,NA,0.775919732441472,NA
"ds.earthserver.xyz..7000..S5p_L2_NO2_tm5_tropopause_layer_index_global_NO2.Tropopause.Layer.Index",34,NA,0.11371237458194,NA
"reanalysis.era5.single.levels_10m_u_component_of_wind_daily",28,NA,0.0936454849498328,NA
"reanalysis.era5.single.levels_10m_v_component_of_wind_daily",28,NA,0.0936454849498328,NA
"reanalysis.era5.single.levels_2m_dewpoint_temperature_daily",29,NA,0.096989966555184,NA
"reanalysis.era5.single.levels_mean_sea_level_pressure_daily",29,NA,0.096989966555184,NA
"reanalysis.era5.single.levels_2m_temperature_daily",29,NA,0.096989966555184,NA
"reanalysis.era5.single.levels_surface_pressure_daily",29,NA,0.096989966555184,NA
"reanalysis.era5.single.levels_total_precipitation_daily",29,NA,0.096989966555184,NA
"reanalysis.era5.single.levels_surface_solar_radiation_downwards_daily",29,NA,0.096989966555184,NA
"reanalysis.era5.single.levels_surface_thermal_radiation_downwards_daily",28,NA,0.0936454849498328,NA
"reanalysis.era5.single.levels_maximum_2m_temperature_since_previous_post_processing_daily",28,NA,0.0936454849498328,NA
"reanalysis.era5.single.levels_minimum_2m_temperature_since_previous_post_processing_daily",28,NA,0.0936454849498328,NA
"reanalysis.era5.single.levels_mean_snowfall_rate_daily",29,NA,0.096989966555184,NA
"reanalysis.era5.single.levels_precipitation_type_daily",29,NA,0.096989966555184,NA
"reanalysis.era5.single.levels_snowfall_daily",29,NA,0.096989966555184,NA
"reanalysis.era5.single.levels_soil_temperature_level_1_daily",28,NA,0.0936454849498328,NA
"reanalysis.era5.single.levels_soil_temperature_level_2_daily",28,NA,0.0936454849498328,NA
"reanalysis.era5.single.levels_soil_temperature_level_3_daily",27,NA,0.0903010033444816,NA
"reanalysis.era5.single.levels_soil_temperature_level_4_daily",27,NA,0.0903010033444816,NA
"reanalysis.era5.single.levels_volumetric_soil_water_layer_1_daily",25,NA,0.0836120401337793,NA
"reanalysis.era5.single.levels_volumetric_soil_water_layer_2_daily",27,NA,0.0903010033444816,NA
"reanalysis.era5.single.levels_soil_type_daily",26,NA,0.0869565217391304,NA
"reanalysis.era5.single.levels_high_vegetation_cover_daily",27,NA,0.0903010033444816,NA
"reanalysis.era5.single.levels_leaf_area_index_high_vegetation_daily",27,NA,0.0903010033444816,NA
"reanalysis.era5.single.levels_leaf_area_index_low_vegetation_daily",27,NA,0.0903010033444816,NA
"reanalysis.era5.single.levels_low_vegetation_cover_daily",27,NA,0.0903010033444816,NA
"reanalysis.era5.single.levels_skin_temperature_daily",27,NA,0.0903010033444816,NA
"reanalysis.era5.single.levels_snow_depth_daily",27,NA,0.0903010033444816,NA
"reanalysis.era5.single.levels_sea_surface_temperature_daily",293,NA,0.979933110367893,NA
"reanalysis.era5.single.levels_mean_wave_direction_daily",269,NA,0.899665551839465,NA
"reanalysis.era5.single.levels_mean_wave_period_daily",269,NA,0.899665551839465,NA
"reanalysis.era5.single.levels_significant_height_of_combined_wind_waves_and_swell_daily",269,NA,0.899665551839465,NA
"reanalysis.era5.single.levels.monthly.means_10m_u_component_of_wind_monthly",253,NA,0.846153846153846,NA
"reanalysis.era5.single.levels.monthly.means_10m_v_component_of_wind_monthly",253,NA,0.846153846153846,NA
"reanalysis.era5.single.levels.monthly.means_2m_dewpoint_temperature_monthly",253,NA,0.846153846153846,NA
"reanalysis.era5.single.levels.monthly.means_mean_sea_level_pressure_monthly",253,NA,0.846153846153846,NA
"reanalysis.era5.single.levels.monthly.means_2m_temperature_monthly",253,NA,0.846153846153846,NA
"reanalysis.era5.single.levels.monthly.means_surface_pressure_monthly",253,NA,0.846153846153846,NA
"reanalysis.era5.single.levels.monthly.means_total_precipitation_monthly",253,NA,0.846153846153846,NA
"reanalysis.era5.single.levels.monthly.means_surface_solar_radiation_downwards_monthly",253,NA,0.846153846153846,NA
"reanalysis.era5.single.levels.monthly.means_surface_thermal_radiation_downwards_monthly",253,NA,0.846153846153846,NA
"reanalysis.era5.single.levels.monthly.means_maximum_2m_temperature_since_previous_post_processing_monthly",253,NA,0.846153846153846,NA
"reanalysis.era5.single.levels.monthly.means_minimum_2m_temperature_since_previous_post_processing_monthly",253,NA,0.846153846153846,NA
"reanalysis.era5.single.levels.monthly.means_mean_snowfall_rate_monthly",253,NA,0.846153846153846,NA
"reanalysis.era5.single.levels.monthly.means_precipitation_type_monthly",253,NA,0.846153846153846,NA
"reanalysis.era5.single.levels.monthly.means_snowfall_monthly",253,NA,0.846153846153846,NA
"reanalysis.era5.single.levels.monthly.means_soil_temperature_level_1_monthly",253,NA,0.846153846153846,NA
"reanalysis.era5.single.levels.monthly.means_soil_temperature_level_2_monthly",253,NA,0.846153846153846,NA
"reanalysis.era5.single.levels.monthly.means_soil_temperature_level_3_monthly",253,NA,0.846153846153846,NA
"reanalysis.era5.single.levels.monthly.means_soil_temperature_level_4_monthly",253,NA,0.846153846153846,NA
"reanalysis.era5.single.levels.monthly.means_volumetric_soil_water_layer_1_monthly",253,NA,0.846153846153846,NA
"reanalysis.era5.single.levels.monthly.means_volumetric_soil_water_layer_2_monthly",253,NA,0.846153846153846,NA
"reanalysis.era5.single.levels.monthly.means_soil_type_monthly",253,NA,0.846153846153846,NA
"reanalysis.era5.single.levels.monthly.means_high_vegetation_cover_monthly",253,NA,0.846153846153846,NA
"reanalysis.era5.single.levels.monthly.means_leaf_area_index_high_vegetation_monthly",253,NA,0.846153846153846,NA
"reanalysis.era5.single.levels.monthly.means_leaf_area_index_low_vegetation_monthly",253,NA,0.846153846153846,NA
"reanalysis.era5.single.levels.monthly.means_low_vegetation_cover_monthly",253,NA,0.846153846153846,NA
"reanalysis.era5.single.levels.monthly.means_skin_temperature_monthly",253,NA,0.846153846153846,NA
"reanalysis.era5.single.levels.monthly.means_snow_depth_monthly",253,NA,0.846153846153846,NA
"reanalysis.era5.single.levels.monthly.means_sea_surface_temperature_monthly",297,NA,0.993311036789298,NA
"AD4GD_GBIF_occurrence",299,NA,1,NA
"ADC_Arable_Land_Markers_Autumn_adc",299,NA,1,NA
"ADC_arable_land_markers_no_ndvi_adc",299,NA,1,NA
"ADC_Arable_Land_Markers_Spring_adc",299,NA,1,NA
"ADC_Crop_Parcels_Crop_Code_adc",299,NA,1,NA
"ADC_Crop_Parcels_Field_ID_adc",299,NA,1,NA
"ADC_Crop_Rotation_Index_adc",299,NA,1,NA
"ADC_Grassland_Markers_NDVI_Spring_ndvi",299,NA,1,NA
"ADC_Grassland_Markers_No_Mowing_adc",299,NA,1,NA
"ds.earthserver.xyz..7000..ERA5_Land_monthly_2.metre.dewpoint.temperature",299,NA,1,NA
"ds.earthserver.xyz..7000..ERA5_Land_monthly_2.metre.temperature",299,NA,1,NA
"ds.earthserver.xyz..7000..ERA5_Land_monthly_Evaporation",299,NA,1,NA
"ds.earthserver.xyz..7000..ERA5_Land_monthly_Evaporation.from.bare.soil",299,NA,1,NA
"ds.earthserver.xyz..7000..ERA5_Land_monthly_Evaporation.from.open.water.surfaces.excluding.oceans",299,NA,1,NA
"ds.earthserver.xyz..7000..ERA5_Land_monthly_Evaporation.from.the.top.of.canopy",299,NA,1,NA
"ds.earthserver.xyz..7000..ERA5_Land_monthly_Evaporation.from.vegetation.transpiration",299,NA,1,NA
"ds.earthserver.xyz..7000..ERA5_Land_monthly_Forecast.albedo",299,NA,1,NA
"ds.earthserver.xyz..7000..ERA5_Land_monthly_Lake.bottom.temperature",299,NA,1,NA
"ds.earthserver.xyz..7000..ERA5_Land_monthly_Lake.ice.surface.temperature",299,NA,1,NA
"ds.earthserver.xyz..7000..ERA5_Land_monthly_Lake.ice.total.depth",299,NA,1,NA
"ds.earthserver.xyz..7000..ERA5_Land_monthly_Lake.shape.factor",299,NA,1,NA
"ds.earthserver.xyz..7000..ERA5_Land_monthly_Lake.total.layer.temperature",299,NA,1,NA
"ds.earthserver.xyz..7000..ERA5_Land_monthly_Leaf.area.index",299,NA,1,NA
"ds.earthserver.xyz..7000..ERA5_Land_monthly_Potential.evaporation",299,NA,1,NA
"ds.earthserver.xyz..7000..ERA5_Land_monthly_Runoff",299,NA,1,NA
"ds.earthserver.xyz..7000..ERA5_Land_monthly_Skin.reservoir.content",299,NA,1,NA
"ds.earthserver.xyz..7000..ERA5_Land_monthly_Skin.temperature",299,NA,1,NA
"ds.earthserver.xyz..7000..ERA5_Land_monthly_Snow.albedo",299,NA,1,NA
"ds.earthserver.xyz..7000..ERA5_Land_monthly_Snow.cover",299,NA,1,NA
"ds.earthserver.xyz..7000..ERA5_Land_monthly_Snow.density",299,NA,1,NA
"ds.earthserver.xyz..7000..ERA5_Land_monthly_Snow.depth",299,NA,1,NA
"ds.earthserver.xyz..7000..ERA5_Land_monthly_Snow.evaporation",299,NA,1,NA
"ds.earthserver.xyz..7000..ERA5_Land_monthly_Snowfall",299,NA,1,NA
"ds.earthserver.xyz..7000..ERA5_Land_monthly_Snowmelt",299,NA,1,NA
"ds.earthserver.xyz..7000..ERA5_Land_monthly_Soil.temperature.level.1",299,NA,1,NA
"ds.earthserver.xyz..7000..ERA5_Land_monthly_Soil.temperature.level.2",299,NA,1,NA
"ds.earthserver.xyz..7000..ERA5_Land_monthly_Soil.temperature.level.3",299,NA,1,NA
"ds.earthserver.xyz..7000..ERA5_Land_monthly_Soil.temperature.level.4",299,NA,1,NA
"ds.earthserver.xyz..7000..ERA5_Land_monthly_Surface.latent.heat.flux",299,NA,1,NA
"ds.earthserver.xyz..7000..ERA5_Land_monthly_Surface.net.solar.radiation",299,NA,1,NA
"ds.earthserver.xyz..7000..ERA5_Land_monthly_Surface.net.thermal.radiation",299,NA,1,NA
"ds.earthserver.xyz..7000..ERA5_Land_monthly_Surface.pressure",299,NA,1,NA
"ds.earthserver.xyz..7000..ERA5_Land_monthly_Surface.runoff",299,NA,1,NA
"ds.earthserver.xyz..7000..ERA5_Land_monthly_Surface.sensible.heat.flux",299,NA,1,NA
"ds.earthserver.xyz..7000..ERA5_Land_monthly_Surface.solar.radiation.downwards",299,NA,1,NA
"ds.earthserver.xyz..7000..ERA5_Land_monthly_Surface.thermal.radiation.downwards",299,NA,1,NA
"ds.earthserver.xyz..7000..ERA5_Land_monthly_Temperature.of.snow.layer",299,NA,1,NA
"ds.earthserver.xyz..7000..ERA5_Land_monthly_Total.precipitation",299,NA,1,NA
"ds.earthserver.xyz..7000..ERA5_Land_monthly_Volumetric.soil.water.layer.1",299,NA,1,NA
"ds.earthserver.xyz..7000..ERA5_Land_monthly_Volumetric.soil.water.layer.2",299,NA,1,NA
"ds.earthserver.xyz..7000..ERA5_Land_monthly_Volumetric.soil.water.layer.3",299,NA,1,NA
"ds.earthserver.xyz..7000..ERA5_Land_monthly_Volumetric.soil.water.layer.4",299,NA,1,NA
"ds.earthserver.xyz..7000..S3_OLCI_L2_LFR_RC_GIFAPAR_RC681_global_Radiance.at.681.nm",299,NA,1,NA
"ds.earthserver.xyz..7000..S3_OLCI_L2_LFR_RC_GIFAPAR_RC865_global_Radiance.at.865.nm",299,NA,1,NA
"ds.earthserver.xyz..7000..S3_SLSTR_SL_2_LST__sea_ice_fraction_tx_Greenland_fraction.of.sea.ice",299,NA,1,NA
"ds.earthserver.xyz..7000..S3_SLSTR_SL_2_LST__sea_surface_temperature_tx_Greenland_sea.surface.temperature",299,NA,1,NA
"ds.earthserver.xyz..7000..S3_SLSTR_SL_2_LST__sensible_heat_tx_Greenland_sensible.heat.flux.at.the.surface",299,NA,1,NA
"ds.earthserver.xyz..7000..S3_SLSTR_SL_2_LST__snow_albedo_tx_Greenland_Snow.albedo",299,NA,1,NA
"ds.earthserver.xyz..7000..S3_SLSTR_SL_2_LST__snow_depth_tx_Greenland_Snow.depth",299,NA,1,NA
"ds.earthserver.xyz..7000..S3_SLSTR_SL_2_LST__surface_pressure_tx_Greenland_Surface.atmospheric.pressure",299,NA,1,NA
"ds.earthserver.xyz..7000..S3_SLSTR_SL_2_LST__temperature_tx_Greenland_land.surface.temperature",299,NA,1,NA
"input_lulc_aggreg_types_Gray",299,NA,1,NA
"input_lulc_extended_types_Gray",299,NA,1,NA
"LGN_lgn",299,NA,1,NA
"LGN_Monitoring_lgn",299,NA,1,NA
"output_connectivity_miramon_ict_aquatic_environments_Gray",299,NA,1,NA
"output_connectivity_miramon_ict_forests_Gray",299,NA,1,NA
"output_connectivity_miramon_ict_herbaceous_crops_Gray",299,NA,1,NA
"output_connectivity_miramon_ict_shrublands_Gray",299,NA,1,NA
"output_connectivity_miramon_ict_woody_crops_Gray",299,NA,1,NA
"Precipitation_Netherlands_precipitation",299,NA,1,NA
"S2_L2A_Netherlands_CloudFree_green",299,NA,1,NA
"S2_L2A_Netherlands_CloudFree_nir",299,NA,1,NA
"S2_L2A_Netherlands_CloudFree_red",299,NA,1,NA
"Temperature_Netherlands_temperature",299,NA,1,NA
