sampleId,ParticipantId,collectionStart,collectionEnd,Latitude,Longitude,EnoughMel: 75,melanogaster_male,simulans_male,mel/sim_female,suzukii_male,suzukii_female,funebris_male,funebris_female,mercatorum_male,mercatorum_female,repleta_male,repleta_female,virilis_male,virilis_female,melanogaster,simulans,suzukii,busckii,testacea,hydei,mercatorum,repleta,funebris,immigrans,phalerata,subobscura,virilis,others,TotalFlies: 19382,bait,location,DNAextraction,Note1 (no VCF-Number attached),Note2 (dryness),Note3 (revisited),Note4 (ABOL sequenced),Note5 (uniqueness),Note6 (larva),Note7 (total flies),Note8,Note9,Note10,Note11,Note12,Note13,Note14,Note15,Note16,Note17
VCFC_001,VCF24A001,19-06-2024,19-06-2024,48.2909924,16.3305821,0,7,6,4,35,,,,5,,,,,,9,8,35,13,39,,5,,0,1,,,,,110,net,compost,,,,1 extra testacea in ?,"testacea und suzukii, 1 simulansM ",,,17600,,,,,,,,,,
VCFC_002,VCF24A003,28-06-2024,08-07-2024,48.24752,16.439,0,1,,,,,,,,3,,,,,1,0,0,,,,3,,0,,,,,,4,none,kitchen,,,,,,,,,,,,,,,,,,
VCFC_003,VCF24A022,05-06-2024,17-06-2024,48.211826,16.392461,0,,,,,,,,,,,,,,0,0,0,,,,0,,0,,,,,,0,,,,,,,,,,,,,,,,,,,,
VCFC_004,VCF24A012,18-06-2024,21-06-2024,48.176807,16.36726,0,2,,2,,,,2,5,6,1,,,,4,0,0,,,,11,,2,,,,,,17,,,,,,,,,,,,,,,,,,,,
VCFC_005,VCF24A022,20-06-2024,25-06-2024,48.211826,16.392461,0,1,,1,,,,,7,6,1,1,,,2,0,0,,,,13,,0,,,,,,15,,,,,,,,,,,,,,,,,,,,
VCFC_006,VCF24A054,18-06-2024,23-06-2024,48.238611,16.38297,0,,,3,,,,,4,7,,,,,0,0,0,,,,11,,0,,,,,,14,,,,,,3 funebris -> 3 dmelW,,,,,,,,,,,,,,
VCFC_007,VCF24M004,19-06-2024,26-06-2024,48.2024576,16.3912598,1,33,1,14,,,1,,2,2,,,,,47,1,0,,,,4,,1,,,,,1??,53,banana,market,,,,,,,,,,,,,,,,,,
VCFC_008,VCF24M006,19-06-2024,26-06-2024,48.1993004,16.3526577,0,,,,,,,,1,5,1,,,,0,0,0,,,,6,,0,,,,,,6,apricot,market,,,,,,Von Fruchtfleisch überzogen,,,,,,,,,,,,
VCFC_009,VCF24A006,20-06-2024,24-06-2024,48.232858,16.290515,0,,,,,,,,1,,,,,,0,0,0,,,,1,,0,,,,,,1,,,,,,,,,,,,,,,,,,,,
VCFC_010,VCF24M005,19-06-2024,26-06-2024,48.1984457,16.3632550,0,3,,3,,,,,1,1,,,,,6,0,0,,,,2,,0,,,,,,8,,market,,,,,,,,,,,,,,,,,,
VCFC_011,VCF24M008,19-06-2024,26-06-2024,48.2216895,16.4020354,0,2,,5,,,,,9,6,,,,,7,0,0,,,,15,,0,,,,,,22,banana,market,,,,,,,,,,,,,,,,,,
VCFC_012,VCF24A054,23-06-2024,27-06-2024,48.238611,16.38297,0,2,,3,,,1,,58,18,,,,,5,0,0,,,,76,,1,,,,,,82,,,,,,1 sehr dunkles mercatorum,,,,,,,,,,,,,,
VCFC_013,VCF24A010,24-06-2024,01-07-2024,48.1525687,16.3701174,1,35,,44,,,2,,,,,,,,79,0,0,,,,0,,2,,,,1,,82,banana,No.1,,,,2 extra dmel m in ? gefunden,virilis ,,,,,,,,,,,,,
VCFC_014,VCF24A010,24-06-2024,01-07-2024,48.1525687,16.3701174,0,11,4,14,,5,13,10,,,,,,,21,8,5,2,1,1,0,,23,23,2,,,,86,banana,No.2,,,,,,,,,,,,,,,,,,
VCFC_015,VCF24A084,20-06-2024,02-07-2024,48.29387095,16.295270350000003,0,1,,,,,,,,2,1,,,,1,0,0,,,1,2,,0,,,,,,4,banana ,,,,,,,,,,,,,,,,,,,
VCFC_016,VCF24A096,01-07-2024,04-07-2024,48.179084,16.281316,0,,,,,,,,15,14,,,,,0,0,0,,,,29,,0,,,,,,29,banana,,,,,,,,,,,,,,,,,,,
VCFC_017,VCF24A119,30-06-2024,05-07-2024,48.1925638,16.3639217,0,1,,,,,,,9,7,,,,,1,0,0,,,1,16,,0,,,,,,18,?,,,,,,,,,,,,,,,,,,,
VCFC_018,VCF24A030,06-07-2024,06-07-2024,48.1882827,16.3054565,1,34,,8,14,,,,,,,,,,42,0,14,,,,0,,0,,2,,,,58,,,,,,1 extra dmel m in ? gefunden,"suzukii, phalerata ",,,,,,,,,,,,,
VCFC_019,VCF24A049,02-07-2024,08-07-2024,48.22026015,16.38459645351064,0,1,,,,,11,10,57,37,,1,,,1,0,0,,,,94,,21,,,,,,116,banana,,,,,,,,,,,,,,,,,,,
VCFC_020,VCF24A010,01-07-2024,08-07-2024,48.1525687,16.3701174,1,20,,11,,,5,4,4,,,,,,31,0,0,,,2,4,,9,10,,,,,56,banana,No.1,,,,,,,,,,,,,,,,,,
VCFC_021,VCF24A054,30-06-2024,05-07-2024,48.238611,16.38297,0,3,,7,,,6,1,36,9,4,7,,,10,0,0,,,,45,,7,,,,,,62,banana,,,,yes,,,,,,,,,,,,,,,
VCFC_022,VCF24A071,02-07-2024,08-07-2024,48.194892,16.282509,0,3,,2,,,,1,18,14,4,1,,,5,0,0,,,,32,,1,,,,,,38,banana,,,,,,,,,,,,,,,,,,,
VCFC_023,VCF24A005,26-06-2024,08-07-2024,48.202186,16.295935,0,,,,,,,,5,5,6,9,,,0,0,0,,,,10,,0,,,,,,10,banana,,,,,,2 repleta ,,,,,,,,,,,,,
VCFC_024,VCF24A020,05-07-2024,08-07-2024,48.2097492,16.3139526,0,,,2,,,,,27,27,11,8,,,0,0,0,,,10,54,,0,,,,,,66,banana,,,,,,,,,,,,,,,,,,,
VCFC_025,VCF24M009,02-07-2024,09-07-2024,48.1820617,16.5031151,1,7,,9,,,8,4,,,3,7,,,16,0,0,,,61,0,,12,6,,,1,1 Fliege,96,banana,carwash,,,,2 immigrans in repleta gruppe entdeckt,4 immigrans ,,,,,,,,,,,,,
VCFC_025#2,VCF24M009,02-07-2024,09-07-2024,48.1820617,16.5031151,1,7,5,10,,,,,,,,,,,13,9,0,,,,0,,0,,,,,,22,,,,,,,,,,,,,,,,,,,,
VCFC_026,VCF24A003,05-07-2024,09-07-2024,48.24752,16.439,0,,,2,,,,,9,1,,,,,0,0,0,,,,10,,0,,,,,,12,banana,,,,,,,,,,,,,,,,,,,
VCFC_027,VCF24A100,02-07-2024,09-07-2024,48.193077,16.316525,0,12,,12,,,3,1,15,6,20,7,,,24,0,0,,,,21,,4,,,,1,,50,banana,balcony,,,,,virilis ,,,,,,,,,,,,,
VCFC_028,VCF24A100,02-07-2024,09-07-2024,48.193077,16.316525,0,,,,,,,,16,10,3,2,,,0,0,0,,,,26,,0,,,,,,26,,,,,,,,,,,,,,,,,,,,
VCFC_029,VCF24A010,08.07.2024,11-07-2024,48.1525687,16.3701174,1,23,,15,,,2,1,5,2,,,,,38,0,0,1,,,7,,3,3,,,,,52,banana,,,,,,,,,,,,,,,,,,,
VCFC_030,VCF24A010,09-07-2024,11-07-2024,48.1525687,16.3701174,0,6,,6,2,2,,,,,,,,,12,0,4,,,,0,,0,,,,,,16,banana,,,,,,,,,,,,,,,,,,,
VCFC_031,VCF24A005,05-07-2024,12-07-2024,48.202186,16.295935,0,,,,,,,,5,3,13,15,,,0,0,0,,,,8,,0,,,,,,8,banana,,,,,,,,,,,,,,,,,,,
VCFC_032,VCF24A009,08-07-2024,11-07-2024,48.4338949,16.47867438604694,0,,,9,,,,,1,,,,,,0,0,0,1,,29,1,,0,,,,,1?,40,banana,,,,,,"1?, 1 busckii ",,,,,,,,,,,,,
VCFC_033,VCF24A054,05-07-2024,12-07-2024,48.238611,16.38297,0,3,,3,,,,3,8,21,10,13,,,6,0,0,,,,29,,3,,,,,,38,,,,,yes,,,,,,,,,,,,,,,
VCFC_034,VCF24A124,05-07-2024,14-07-2024,48.1895931,16.2977181,0,,,1,,,,1,9,23,2,,,,0,0,0,,,2,32,,1,,,,,,36,apricot,,,,,,,,,,,,,,,,,,,
VCFC_035,VCF24A055,03-07-2024,11-07-2024,48.26137,16.384091,1,30,,54,,,,,4,8,,,,,84,0,0,,,,12,,0,,,,,1 Schmeißfliege,96,,,,,,,,,,,,,,,,,,,,
VCFC_036,VCF24A095,10-07-2024,14-07-2024,48.1951118,16.2876311,1,30,,35,,,9,11,24,23,8,6,,,65,0,0,,,3,47,,20,,,,,1 c.f. Megaselia,135,banana. blueberry,,,,,,,,,,,,,,,,,,,
VCFC_037,VCF24A010,11-07-2024,15-07-2024,48.1525687,16.3701174,1,15,,13,,,3,,3,,,,,,28,0,0,,,7,3,,3,,,,1,"1 Fliege, 1 c.f. Megaselia",42,banana,,,,,,1 cf funebris ,,,,,,,,,,,,,
VCFC_038,VCF24A010,11-07-2024,15-07-2024,48.1525687,16.3701174,0,4,6,9,2,2,,,,,,,,,8,11,4,,,,0,,0,1,,,,,24,banana,,,,,,,,,,,,,,,,,,,
VCFC_039,VCF24A016,08-07-2024,15-07-2024,48.29798735,16.419420766413552,1,15,,44,,,,,4,1,3,3,,,59,0,0,,,,5,,0,,,,,,64,banana,,,,,,,,,,,,,,,,,,,
VCFC_040,VCF24A133,09-07-2024,15-07-2024,48.2450494,16.3722084,1,19,,3,,,,,9,5,5,1,,,22,0,0,,,1,14,,0,,,,,,37,banana,,,,,,,,,,,,,,,,,,,
VCFC_041,VCF24A014,10-07-2024,17-07-2024,48.252675,16.338313,0,,,,,,,,4,4,3,1,,,0,0,0,,,1,8,,0,,,,,,9,,,,,,,,,,,,,,,,,,,,
VCFC_042,VCF24A010,15-07-2024,17-07-2024,48.1525687,16.3701174,0,4,,11,,,2,1,2,1,,,,,15,0,0,,,1,3,,3,,,,,,22,,nr1,,,,,,,,,,,,,,,,,,
VCFC_043,VCF24A010,15-07-2024,17-07-2024,48.1525687,16.3701174,0,5,,6,,2,1,1,,,,,,,11,0,2,,,,0,,2,1,,,,"9 Ectobiidae (weggeworfen), 5 Nitidulidae (Glanzkäfer)",16,,nr2,,,,,,,,,,,,,,,,,,
VCFC_044,VCF24A003,15-07-2024,22-07-2024,48.24752,16.439,0,2,,1,,,,,6,12,,,,,3,0,0,,,2,18,,0,,,,,,23,lemon,,,,,,1 helle hydei ,,,,,,,,,,,,,
VCFC_045,VCF24A031,18-07-2024,22-07-2024,48.2096648,16.3375929,1,29,,34,,,1,2,8,7,10,,,,63,0,0,,,3,15,,3,,,,,,84,banana,,,,,,1 repleta ,,,,,,,,,,,,,
VCFC_046,VCF24A133,17-07-2024,22-07-2024,48.2450494,16.3722084,1,16,,6,2,,1,,14,4,2,1,,,22,0,2,,,6,18,,1,,,,,,49,banana,,,,,,,,,,,,,,,,,,,
VCFC_047,VCF24A006,19-07-2024,22-07-2024,48.232858,16.290515,0,7,,18,,,,,9,2,,,,,25,0,0,,,,11,,0,,,,,,36,,,,,,,,,,,,,,,,,,,,
VCFC_048,VCF24A071,12-07-2024,18-07-2024,48.194892,16.282509,0,8,,6,,,,,5,4,,,,,14,0,0,,,,9,,0,,,,,1??,23,,,,,,1 dunkles mercatorum,,,,,,,,,,,,,,
VCFC_049,VCF24A106,11-07-2024,18-07-2024,48.180312,16.387895,0,1,,,,,1,,4,,1,,,,1,0,0,,,47,4,,1,,,,,,53,,,,,,,,,,,,,,,,,,,,
VCFC_050,VCF24A010,17-07-2024,22-07-2024,48.1525687,16.3701174,1,44,1,44,,,,1,5,,,,,,87,2,0,,,3,5,,1,,,,,,98,,nr1,,,,,,,,,,,,,,,,,,
VCFC_051,VCF24A010,17-07-2024,22-07-2024,48.1525687,16.3701174,0,2,,12,18,20,2,,2,1,,1,,,14,0,38,,,2,3,,2,1,,,,,60,,nr2,,,,,,,,,,,,,,,,,,
VCFC_052,VCF24A135,16-07-2024,22-07-2024,48.2520897,16.43862778,0,3,,3,,,,,9,2,2,,,,6,0,0,,,,11,,0,,,,,,17,,,,,,,,,,,,,,,,,,,,
VCFC_053,VCF24A004,16-07-2024,22-07-2024,48.226805999999996,16.164931898476908,0,1,,,,,,,15,6,1,,,,1,0,0,,,,21,,0,,,,,,22,,,,,,,,,,,,,,,,,,,,
VCFC_054,VCF24A054,12-07-2024,17-07-2024,48.238611,16.38297,1,20,,12,,,1,1,11,12,1,1,,,32,0,0,,,,23,,2,,,,,,57,"apple, lemon",,,,,,,,,,,,,,,,,,,
VCFC_055,VCF24A003,28-06-2024,08-07-2024,48.24752,16.439,0,1,,1,,,,,1,,1,,,,2,0,0,,,,1,,0,,,,,,3,,,,,,,,,,,,,,,,,,,,
VCFC_056,VCF24A001,14-07-2024,16-07-2024,48.2909924,16.3305821,0,6,,10,,,,,33,22,,,,,16,0,0,,,5,55,,0,1,,,,,77,,,,,,,,,,,,,,,,,,,,
VCFC_057,VCF24A137,22-07-2024,22-07-2024,48.2247254,16.38306948,1,46,,27,,,1,2,37,11,71,49,,,73,0,0,,,1,48,,3,,,,,1?,125,,,,,,,,,,,,,,,,,,,,
VCFC_058,VCF24A132,23-07-2024,23-07-2024,48.1938088,16.3432726,0,3,,6,,,,,,1,,,,,9,0,0,,,,1,,0,,,,,,10,,,,,,,,,,,,,,,,,,,,
VCFC_059,VCF24A014,17-07-2024,24-07-2024,48.252675,16.338313,0,,,,,,,,11,3,6,,,,0,0,0,,,3,14,,0,1,,,,,18,,,,,,,immigrans ,,,,,,,,,,,,,
VCFC_060,VCF24A053,21-07-2024,25-07-2024,48.10110745,16.300121912227425,1,17,,6,,,,,,,,,,,23,0,0,,,17,0,,0,1,,,,,41,,,,,,,"hydei und mercatorum, immigrans ",,,,,,,,,,,,,
VCFC_061,VCF24A055,20-07-2024,24-07-2024,48.26137,16.384091,0,7,1,3,,1,,,3,,,1,,,10,1,1,,,1,3,,0,,,,,4 c.f. Megaselia,16,,,,,,,buzzati (keine buzzati im nachinein),,,,,,,,,,,,,
VCFC_062,VCF24A071,20-07-2024,25-07-2024,48.194892,16.282509,1,28,,17,,,,,15,9,2,1,,,45,0,0,,,2,24,,0,,,,,,71,,,,,,,,,,,,,,,,,,,,
VCFC_063,VCF24A054,18-07-2024,24-07-2024,48.238611,16.38297,1,23,,18,,,1,,19,11,,3,,,41,0,0,,,1,30,,1,,,,,,73,,,,,,,,,,,,,,,,,,,,
VCFC_064,VCF24A132,23-07-2024,23-07-2024,48.1938088,16.3432726,0,,,,,,,,737,1266,14,13,,,0,0,0,,,,2003,,0,,,,,,2003,,,,,sehr trocken,,,,,,,,,,,,,,,
VCFC_065,VCF24A085,27-06-2024,25-07-2024,48.2236766,16.3742674,0,6,,14,,,,,1,3,,3,,,20,0,0,,,2,4,,0,,,,,,26,,,,,,,,,,,,,,,,,,,,
VCFC_066,VCF24A129,20-07-2024,25-07-2024,48.2217373,16.3723924,0,4,,7,,,1,,19,6,18,6,,,11,0,0,,,,25,,1,,,,,,37,banana,,,,,,,,,,,,,,,,,,,
VCFC_067,VCF24A061,20-07-2024,26-07-2024,48.262432,16.427556,0,,,,,,,,,,,1,,,0,0,0,,,,0,,0,,,,,,0,lemon,,,,,,,,,,,,,,,,,,,
VCFC_068,VCF24A001,?,26-07-2024,48.2909924,16.3305821,0,3,,8,,,,,23,8,,1,,,11,0,0,,,2,31,,0,,,,,,44,,,,,,,,Mercatorum am Anfang des Abdomens innen dunkel gefärbt ,,,,,,,,,,,,
VCFC_069,VCF24A132,?,27-07-2024,48.1938088,16.3432726,0,9,,8,,,1,,5,2,,,,,17,0,0,,,,7,,1,,,,,1?,25,,,,,,,1 ? ,,,,,,,,,,,,,
VCFC_070,?,?,29-07-2024,#N/A,#N/A,0,2,,1,,,,,2,3,,,,,3,0,0,,,,5,,0,,,,,,8,,,,,,,,,,,,,,,,,,,,
VCFC_071,VCF24A022,19-07-2024,28-07-2024,48.211826,16.392461,0,,,2,,,,,8,3,4,,,,0,0,0,,,,11,,0,,,,,,13,plum?,,,,,,,,,,,,,,,,,,,
VCFC_072,VCF24A141,26-07-2024,28-07-2024,48.215696,16.389651,0,1,,,,,,,15,4,2,2,,,1,0,0,,,,19,,0,,,,,,20,,,,,yes,,,,,,,,,,,,,,,
VCFC_073,VCF24A010,22-07-2024,29-07-2024,48.1525687,16.3701174,0,,,2,16,29,,,,,,,,,0,0,45,,,1,0,,0,2,2,,,"1 Mücke, 1 Scharbenlarve",52,,Nr. 2,,,,,,,,,,,,,,,,,,
VCFC_074,VCF24A010,22-07-2024,29-07-2024,48.1525687,16.3701174,0,6,,9,,,2,1,3,3,2,3,,,15,0,0,,,2,6,,3,,,,,,26,,Nr. 1,,,,,,,,,,,,,,,,,,
VCFC_075,VCF24A142,24-07-2024,30-07-2024,48.251925,16.320591,0,,,2,,,,,335,311,9,10,,,0,0,0,,,,646,,0,,,,,,648,strawberry,Nr. 2,,,,,,,,,,,,,,,,,,
VCFC_076,VCF24A142,24-07-2024,30-07-2024,48.251925,16.320591,0,,,,,,,,88,33,2,3,,,0,0,0,,,,121,,0,,,,,,121,strawberry,Nr. 1,,,,,,,,,,,,,,,,,,
VCFC_077,?,22-07-2024,27-07-2024,#N/A,#N/A,0,9,,9,,,,,,,,,,,18,0,0,,,,0,,0,,,,,,18,,,,"Falle aus dem Burgenland, Langegasse 41, 7061 Trausdorf",,,,,,,,,,,,,,,,
VCFC_078,VCF24A149,?,01-08-2024,48.165943,16.324441,0,,,,,,,,1,2,2,1,,,0,0,0,,,,3,,0,,,,,,3,"banana, red currant",,,,,,,,,,,,,,,,,,,
VCFC_079,VCF24A149,?,01-08-2024,48.165943,16.324441,0,2,,,,,,,2,,7,3,,,2,0,0,,,,2,,0,,,,,,4,red currant,,,,,,,,,,,,,,,,,,,
VCFC_080,VCF24A004,31-07-2024,31-07-2024,48.226805999999996,16.164931898476908,1,18,,18,,,,,22,18,,,,,36,0,0,,,,40,,0,,,,,,76,,,,,,,,,,,,,,,,,,,,
VCFC_081,VCF24A133,23-07-2024,31-07-2024,48.2450494,16.3722084,0,,,,,,,,11,10,14,8,,,0,0,0,,,7,21,,0,,,,,,28,,,,,sehr trocken,,,,,,,,,,,,,,,
VCFC_082,VCF24A035,18-07-2024,24-07-2024,48.1564925,16.283393810137852,0,9,15,9,6,1,,,,,,,,,12,21,7,,1,,0,,0,,,1,,,42,,Garten 1,,,,,"suzukii, 1 simulansM, 1 subobscura, 1 testacea",,,,,,,,,,,,,
VCFC_083,VCF24A035,18-07-2024,24-07-2024,48.1564925,16.283393810137852,1,22,,35,,,,,1,,2,,,,57,0,0,,,8,1,,0,,,,,,66,,Haus 1,,,,,,,,,,,,,,,,,,
VCFC_084,VCF24A035,25-07-2024,30-07-2024,48.1564925,16.283393810137852,0,,5,1,,3,,,,,,,,,0,6,3,,,,0,,0,,,,,,9,,Garten 2,,,,,,,,,,,,,,,,,,
VCFC_085,VCF24A035,25-07-2024,31-07-2024,48.1564925,16.283393810137852,1,26,,26,,,,,2,2,,,,,52,0,0,,,1,4,,0,,,,,,57,,Haus 2,,,,,,Analplatte mancher mel/sim weibchen sehr dunkel,,,,,,,,,,,,
VCFC_086,VCF24A014,24-07-2024,31-07-2024,48.252675,16.338313,1,19,,14,,,,,9,3,,1,,,33,0,0,,,7,12,,0,,,,,,52,,,,,,,,,,,,,,,,,,,,
VCFC_087,VCF24A142,31-07-2024,31-07-2024,48.251925,16.320591,0,,,1,,,,,4,3,,,,,0,0,0,,,,7,,0,,,,,,8,strawberry,,,,,,,,,,,,,,,,,,,
VCFC_088,VCF24A144,25-07-2024,01-08-2024,48.196621,16.391428,0,,,,,,,,53,64,3,,,,0,0,0,,,,117,,0,,,,,,117,,,,,yes,,,,,,,,,,,,,,,
VCFC_089,VCF24A146,30-07-2024,02-08-2024,48.202099,16.343202,0,11,2,16,,,,1,6,1,2,,,,25,4,0,,,1,7,,1,,,,,,38,,,,,,,1 simulansM ,? hat stark ausgeprägte Dornen am Vorderbein,,,,,,,,,,,,
VCFC_090,VCF24A054,29-07-2024,04-08-2024,48.238611,16.38297,0,1,,,,,,,9,14,15,5,,,1,0,0,,,,23,,0,,,,,,24,,,,,sehr trocken,,,,,,,,,,,,,,,
VCFC_091,VCF24A055,29-07-2024,03-08-2024,48.26137,16.384091,0,5,3,17,,,,,,1,3,3,,,16,9,0,,,1,1,,0,,,,,2 c.f. Megaselia,27,,,,,,,,,,,,,,,,,,,,
VCFC_092,VCF24A150,?,?,48.204611,16.267526,0,1,3,4,,,1,,,1,,,,,2,6,0,,,19,1,,1,,,,,,29,,"Outdoor, neben Biotonne, Nähe Dehne Park",,,,,"1 mercatorum, hydei und ? ",,,,,,,,,,,,,
VCFC_093,VCF24A124,?,?,48.1895931,16.2977181,0,3,,1,,,1,,31,15,6,3,,,4,0,0,,,,46,,1,,,,,,51,,,,,,,,,,,,,,,,,,,,
VCFC_094,VCF24A084,29-07-2024,05-08-2024,48.29387095,16.295270350000003,1,18,2,23,,,,,3,2,,2,,,39,4,0,3,,1,5,,0,,,,,,52,lemon,,,,,,busckii ,,,,,,,,,,,,,
VCFC_095,VCF24A004,03-08-2024,05-08-2024,48.226805999999996,16.164931898476908,0,1,,7,,,,,9,13,1,1,,,8,0,0,,,,22,,0,,,,,,30,lemon,,,,,,,,,,,,,,,,,,,
VCFC_096,VCF24A022,29-07-2024,05-08-2024,48.211826,16.392461,1,27,,13,,,,,5,3,,1,,,40,0,0,,,,8,,0,,,,,,48,banana,,,,,,,,,,,,,,,,,,,
VCFC_097,VCF24A149,07-08-2024,08-08-2024,48.165943,16.324441,0,1,,1,,,1,,2,1,,,,,2,0,0,,,,3,,1,,,,,,6,banana,,,,,,,,,,,,,,,,,,,
VCFC_098,VCF24A051,31-07-2024,07-08-2024,48.2389401,16.3107359,0,,2,,,,,,25,20,,,,,0,2,0,,,,45,,0,,,,,,47,banana,,,,,,,"Einige stark orange gefärbt, Augen ebenfalls tiefrot",,,,,,,,,,,,
VCFC_099,VCF24A141,04-08-2024,07-08-2024,48.215696,16.389651,0,1,,1,,,1,,15,11,9,1,,,2,0,0,,,,26,,1,,,,,,29,banana,,,,,,,,,,,,,,,,,,,
VCFC_100,VCF24A129,02-08-2024,08-08-2024,48.2217373,16.3723924,1,61,,14,,,2,,23,26,15,10,,,75,0,0,,,1,49,,2,,,,,,127,banana,,,,,5 mercatorm -> repleta,,,,,,,,,,,,,,
VCFC_101,VCF24A133,30-07-2024,09-08-2024,48.2450494,16.3722084,0,,,,,2,,,10,2,19,19,,,0,0,2,,,25,12,,0,,,,,,39,,,,,sehr trocken,,,,,,,,,,,,,,,
VCFC_102,VCF24A135,04-08-2024,09-08-2024,48.2520897,16.43862778,0,1,,1,,,,,5,,,,,,2,0,0,,,,5,,0,,,,,,7,,,,,,,,,,,,,,,,,,,,
VCFC_103,VCF24A004,08-08-2024,08-08-2024,48.226805999999996,16.164931898476908,0,,,9,,,,,,,,,,,0,0,0,,,,0,,0,,,,,1?,9,,,,,,,,,,,,,,,,,,,,
VCFC_104,VCF24A035,01-08-2024,07-08-2024,48.1564925,16.283393810137852,1,33,27,13,4,3,,,,,,,,,40,33,7,,,,0,,0,,,,,,80,,Garten 3,,,,,,,,,,,,,,,,,,
VCFC_105,VCF24A035,01-08-2024,07-08-2024,48.1564925,16.283393810137852,1,23,,13,,,,,4,1,,,,,36,0,0,1,,1,5,,0,,,,,,43,,Haus 3,,,,,busckii ,,,,,,,,,,,,,
VCFC_106,VCF24A035,08-08-2024,11-08-2024,48.1564925,16.283393810137852,1,18,,7,,,,,,,,,,,25,0,0,,,,0,,0,5,2,,,,32,,Garten 4,,,,,1 phalerata ,,,,,,,,,,,,,
VCFC_107,VCF24A035,08-08-2024,11-08-2024,48.1564925,16.283393810137852,1,36,1,51,,,,,3,2,,,,,86,2,0,,,2,5,,0,,,,,,95,,Haus 4,,,,,,,,,,,,,,,,,,
VCFC_108,VCF24A001,10-08-2024,10-08-2024,48.2909924,16.3305821,1,20,3,25,,,,,12,11,,,,,42,6,0,,,5,23,,0,,,,,1 c.f. Megaselia,76,,,,,,,,,,,,,,,,,,,,
VCFC_109,VCF24A040,12-08-2024,12-08-2024,48.16463525,16.298943729727945,0,11,,13,,,,,,1,3,1,,,24,0,0,,,2,1,,0,,,,,,27,,,,,,,,,,,,,,,,,,,,
VCFC_110,VCF24A106,30-07-2024,12-08-2024,48.180312,16.387895,1,40,,44,,,1,,4,,3,,,,84,0,0,,,28,4,,1,,,,,,117,Saft (handle with caution!!!),,,,,,,,,,,,,,,,,,,
VCFC_111,VCF24A151,12-07-2024,12-07-2024,48.1994451,16.3496835,0,5,,3,,,1,,194,136,40,28,,,8,0,0,,,5,330,,1,,,,,,344,banana,,,,,,,,,,,,,,,,,,,
VCFC_112,VCF24A001,12-08-2024,12-08-2024,48.2909924,16.3305821,0,5,2,9,,,,,17,11,,,,,11,5,0,,,1,28,,0,,,,,,45,,,,,,,,,,,,,,,,,,,,
VCFC_113,?,?,?,#N/A,#N/A,1,30,,24,,,,,,,,,,,54,0,0,,,,0,,0,,,,,,54,,,,,,,,,,,,,,,,,,,,
VCFC_114,VCF24A084,13-08-2024,13-08-2024,48.29387095,16.295270350000003,1,20,,19,,,,,3,10,,,,,39,0,0,,,1,13,,0,,,,,,53,,,,,,,,Augen einer mel/sim w und einer mercatorum weiß,,,,,,,,,,,,
VCFC_115,VCF24A067,13-07-2024,26-07-2024,48.296142,16.564001,0,,,,,,,,,,,,,,0,0,0,,,,0,,0,,,,,,0,,Falle 1,,,,,,,,,,,,,,,,,,
VCFC_116,VCF24A067,29-07-2024,12-08-2024,48.296142,16.564001,0,,,,,,,,,1,,,,,0,0,0,,,,1,,0,,,,,,1,,Falle 2,,,,,,,,,,,,,,,,,,
VCFC_117,VCF24A004,13-08-2024,13-08-2024,48.226805999999996,16.164931898476908,0,1,,2,,,,,3,,1,,,,3,0,0,,,,3,,0,,,,,,6,,,,,,,,,,,,,,,,,,,,
VCFC_118,VCF24A014,02-08-2024,13-08-2024,48.252675,16.338313,0,,,,,,,,1,2,1,,,,0,0,0,,,,3,,0,,,,,1 Hemiptera,3,,,,,,,,,,,,,,,,,,,,
VCFC_119,VCF24A125,30-07-2024,01-08-2024,48.229845,16.354887,0,11,,9,,,,,13,19,4,2,,,20,0,0,,,,32,,0,,,,,,52,,,,,,,,,,,,,,,,,,,,
VCFC_120,VCF24A019,05-08-2024,13-08-2024,48.2072188,16.375974405836836,0,,,,,,,,5,1,,1,,,0,0,0,,,,6,,0,,,,,,6,,,,,yes,,,,,,,,,,,,,,,
VCFC_121,VCF24A148,01-08-2024,12-08-2024,48.211029,16.377193,1,49,,50,,,,,5,2,36,16,,,99,0,0,,,9,7,,0,,,,,,115,,,,,sehr trocken,,,Entomophtora muscae (repletaM),,,,,,,,,,,,
VCFC_122,VCF24A071,08-08-2024,16-08-2024,48.194892,16.282509,0,7,,7,,,,,9,3,7,3,,,14,0,0,,,3,12,,0,,,,,,29,banana,,,,trocken,,,,,,,,,,,,,,,
VCFC_123,VCF24A149,10-08-2024,14-08-2024,48.165943,16.324441,0,,,,,,,,2,2,2,,,,0,0,0,,,,4,,0,,,,,,4,banana,,,,,,,,,,,,,,,,,,,
VCFC_124,VCF24A030,11-08-2024,18-08-2024,48.1882827,16.3054565,0,8,,7,,,1,,5,3,6,3,,,15,0,0,,,4,8,,1,,,,2,,30,banana,,,,,2 funebris > 2 virilis,,,,,,,,,,,,,,
VCFC_125,VCF24A084,13-08-2024,18-08-2024,48.29387095,16.295270350000003,0,8,,9,,,,,3,11,,,,,17,0,0,,,6,14,,0,,,,,,37,,,,,,,,,,,,,,,,,,,,
VCFC_126,VCF24A142,01-08-2024,14-08-2024,48.251925,16.320591,0,,,,,,,,1361,910,1,2,,,0,0,0,,,1,2271,,0,,,,,1 Fliege,2272,banana,,,,,,,,,,,,,,,,,,,
VCFC_127,VCF24A008,12-08-2024,19-08-2024,48.2103138,16.3263737,0,5,,15,,,,2,3,11,17,10,,,20,0,0,,,3,14,,2,,,,6,,45,,,,,,6 funebris > 6 virilis,,,,,,,,,,,,,,
VCFC_128,VCF24A009,13-08-2024,18-08-2024,48.4338949,16.47867438604694,0,11,,14,,,,,5,6,,,,,25,0,0,,,,11,,0,,,,,,36,,,,,,,,,,,,,,,,,,,,
VCFC_129,VCF24A133,12-08-2024,19-08-2024,48.2450494,16.3722084,0,3,,4,,,,,4,,,1,,,7,0,0,,,1,4,,0,,,,,,12,banana,,,,trocken,,,,,,,,,,,,,,,
VCFC_130,VCF24A056,16-08-2024,19-08-2024,48.2022743,16.34718763224349,0,2,,4,,,,,4,3,1,,,,6,0,0,,,,7,,0,,,,,,13,lemon,,,,,,,,,,,,,,,,,,,
VCFC_131#1,VCF24A049,15-07-2024,22-07-2024,48.22026015,16.38459645351064,0,,,,,,,,12,9,,,,,0,0,0,,,,21,,0,,,,,,21,,,,,,,,,,,,,,,,,,,,
VCFC_131#2,VCF24A164,?,?,46.7132072,11.664763,1,25,,21,,,,,,,,,,,46,0,0,,,,0,,0,,,,,,46,,,,"Köstlanerstraße 26, 39042 Brixen",,,,,Larven enthalten,,,,,,,,,,,
VCFC_131#3,VCF24A165,?,?,48.1149444,11.5832909,0,,,1,,,,,1,,2,2,,,0,0,0,,,,1,,0,,,,,,2,,,,"Werinherstraße 20, 81541 München",,,,,Larven enthalten,,,,,,,,,,,
VCFC_132,VCF24A142,14-08-2024,20-08-2024,48.251925,16.320591,0,,,1,,,,,124,168,,,,,0,0,0,,,,292,,0,,,,,,293,banana,,,,,,,,,,,,,,,,,,,
VCFC_133,VCF24A014,14-08-2024,20-08-2024,48.252675,16.338313,0,,,,,,,,11,4,4,1,,,0,0,0,,,5,15,,0,,,,,,20,,,,,,,,,,,,,,,,,,,,
VCFC_134,VCF24A084,19-08-2024,19-08-2024,48.29387095,16.295270350000003,1,15,,10,,,,,6,17,,,,,25,0,0,,,11,23,,0,,,,,,59,"lemon, tomatoes",,,,,,,,,,,,,,,,,,,
VCFC_135,VCF24A102,31-07-2024,18-08-2024,48.161427,16.377245,0,,,,,,,,1,,,,,,0,0,0,,,,1,,0,,,,,,1,apple,,,,,,,,,,,,,,,,,,,
VCFC_136,VCF24A003,13-08-2024,21-08-2024,48.24752,16.439,0,,,1,,,,,,,1,,,,0,0,0,,,,0,,0,,,,,1 Platanen-Netzwanze,1,raspberry,,,,,,,,,,,,,,,,,,,
VCFC_137,VCF24A040,?,21-08-2024,48.16463525,16.298943729727945,1,23,,14,,,1,1,2,1,3,3,,,37,0,0,,,21,3,,2,,,,1,,64,,,,,,,,,Larven enthalten,,,,,,,,,,,
VCFC_138,VCF24A153,?,20-08-2024,48.2083537,16.3725042,0,,,,,,,,1,3,,1,,,0,0,0,,,,4,,0,,,,,,4,,,,,,,,,,,,,,,,,,,,
VCFC_139,VCF24A129,18-08-2024,21-08-2024,48.2217373,16.3723924,0,6,1,3,,,1,,33,11,19,25,,,9,1,0,,,4,44,,1,,,,,,59,,,,,,,,Entomophtora muscae,,,,,,,,,,,,
VCFC_140,VCF24A054,13-08-2024,21-08-2024,48.238611,16.38297,1,35,,25,,,,2,29,21,36,12,,,60,0,0,,,8,50,,2,,,,,,120,,,,,sehr trocken,,,,,,,,,,,,,,,
VCFC_141,VCF24A149,18-08-2024,21-08-2024,48.165943,16.324441,0,1,,1,,,,,3,1,3,4,,,2,0,0,,,,4,,0,,,,,,6,strawberry,,,,,,,,,,,,,,,,,,,
VCFC_142,VCF24A152,18-08-2024,22-08-2024,48.214946,16.307119,0,4,,7,,,,,1,1,2,15,,,11,0,0,,,,2,,0,,,,1,,14,"banana, grape",,,,,,,,,,,,,,,,,,,
VCFC_143,VCF24A121,?,22-08-2024,48.1936436,16.39628617,0,9,,9,,,,,9,4,4,3,,,18,0,0,,,1,13,,0,,,,,,32,,,,,trocken,,,,,,,,,,,,,,,
VCFC_144,VCF24A051,16-08-2024,22-08-2024,48.2389401,16.3107359,0,8,,9,,,,,17,12,,,,,17,0,0,,,1,29,,0,,,,,,47,,,,,,,,,,,,,,,,,,,,
VCFC_145,VCF24A003,21-08-2024,26-08-2024,48.24752,16.439,0,,,,,,,,11,9,,,,,0,0,0,,,,20,,0,,,,,,20,banana,,,,,,,,,,,,,,,,,,,
VCFC_146,VCF24A084,?,26-08-2024,48.29387095,16.295270350000003,0,,,,,,,,3,3,,2,,,0,0,0,,,4,6,,0,1,,,,,11,,,,,,,,,Larven enthalten,,,,,,,,,,,
VCFC_147,VCF24A141,20-08-2024,23-08-2024,48.215696,16.389651,0,11,,8,,,1,1,2,,,,,,19,0,0,,,,2,,2,,,,,,23,,,,,,,,,Larven enthalten,,,,,,,,,,,
VCFC_148,VCF24A054,22-08-2024,25-08-2024,48.238611,16.38297,1,226,,155,,,1,,31,13,5,3,,,381,0,0,,,14,44,,1,,,,,,440,,,,,,,,Fruchtfleisch überzogen,,,,,,,,,,,,
VCFC_149,VCF24A066_2,?,26-08-2024,47.8326455,16.6226140,1,27,48,19,,,,,3,,,,,,34,60,0,,,116,3,,0,13,,,,,226,,,,,,,,,,,,,,,,,,,,
VCFC_150,VCF24A082,12-08-2024,19-08-2024,48.3017437,15.896341592421017,1,65,,86,,,,,5,1,,,,,151,0,0,,,12,6,,0,,,,,,169,,,,,,,,,,,,,,,,,,,,
VCFC_151,VCF24A128,?,?,48.207303,16.526469,0,1,,7,,,,,,,,,,,8,0,0,,,,0,,0,,,,,,8,,,,,,,,,,,,,,,,,,,,
VCFC_152,VCF24A004,21-08-2024,26-08-2024,48.226805999999996,16.164931898476908,1,29,,18,,,,,30,10,1,2,,,47,0,0,,,1,40,,0,,,,,,88,,,,,,,,,,,,,,,,,,,,
VCFC_153,VCF24A010,20-08-2024,26-08-2024,48.1525687,16.3701174,0,6,,4,,,,,4,3,2,,,,10,0,0,,,2,7,,0,,,,,,19,banana,Falle 1,,,,,,,Larven enthalten,,,,,,,,,,,
VCFC_154,VCF24A010,20-08-2024,26-08-2024,48.1525687,16.3701174,0,,,,,,,,,,,,,,0,0,0,,,,0,,0,,,,,"1 Spinne, 46 Glanzkäfer",0,banana,Falle 2,,,,,,,Larven enthalten,,,,,,,,,,,
VCFC_155,VCF24A154,23-08-2024,26-08-2024,48.179639,16.334559,1,14,,21,,,6,1,3,5,18,9,,,35,0,0,,,,8,,7,,,,,,50,,,,,,,,,,,,,,,,,,,,
VCFC_156,VCF24A128,?,27-08-2024,48.207303,16.526469,0,,,6,,,,,,1,,,,,0,0,0,,,,1,,0,,,,,,7,,,,,,,,,,,,,,,,,,,,
VCFC_157,VCF24A098,25-08-2024,27-08-2024,48.154651099999995,16.18490002065537,0,2,,5,,,,,,,,,,,7,0,0,,,,0,,0,,,,,,7,"raspberry, plum",,,,,,,,Larven enthalten,,,,,,,,,,,
VCFC_158,VCF24A107,25-07-2024,31-07-2024,48.186599,16.374685,0,,,,,,,,,4,,,,,0,0,0,,,,4,,0,,,,,,4,,,,,,,,,,,,,,,,,,,,
VCFC_159,VCF24A018,21-08-2024,28-08-2024,48.18784,16.356778,0,3,,1,,,1,1,9,10,8,5,,,4,0,0,,,10,19,,2,,,,,1?,35,,,,,,,? ,,,,,,,,,,,,,
VCFC_160,VCF24A053,25-08-2024,28-08-2024,48.10110745,16.300121912227425,1,26,,33,,,2,,2,1,,,,,59,0,0,,,7,3,,2,,,,1,,72,"banana, tomato",,,,,,1 virilis,Fruchtfleisch überzogen,Larven enthalten,,,,,,,,,,,
VCFC_161,VCF24A141,26-08-2024,28-08-2024,48.215696,16.389651,0,5,,5,,,1,,16,8,,,,,10,0,0,,,1,24,27,1,,,,,,63,banana,,,,,,? ,,,,,,,,,,,,,
VCFC_162,VCF24A149,20-08-2024,24-08-2024,48.165943,16.324441,0,,,,,,,,5,,,,,,0,0,0,,,2,5,7,0,,,,,,14,strawberry,,,,,,,,,,,,,,,,,,,
VCFC_163,VCF24A047,21-08-2024,28-08-2024,48.19438,16.3196898,0,,,,,,,,6,3,,,,,0,0,0,,,4,9,5,0,,,,,,18,plum,,,,,,1 funebris ,,,,,,,,,,,,,
VCFC_164,VCF24A056,23-08-2024,30-08-2024,48.2022743,16.34718763224349,0,,,,,,,,,1,,,,,0,0,0,,,,1,2,0,,,,,,3,,,,,,,,,,,,,,,,,,,,
VCFC_165,VCF24A054,27-08-2024,31-08-2024,48.238611,16.38297,0,13,,14,,,1,1,68,34,,,,,27,0,0,,,220,102,102,2,,,,,,453,,,,,,,,,,,,,,,,,,,,
VCFC_166,VCF24A001,31-08-2024,01-09-2024,48.2909924,16.3305821,1,78,,48,,,,,18,28,,,,,126,0,0,,,1,46,,0,,,,,,173,,,,,,,,,,,,,,,,,,,,
VCFC_167,VCF24A125,14-08-2024,19-08-2024,48.229845,16.354887,0,2,,3,,,,,1,,,,,,5,0,0,,,,1,,0,,,,,,6,,,,,,,,,,,,,,,,,,,,
VCFC_168,VCF24A149,27-08-2024,30-08-2024,48.165943,16.324441,0,1,,2,,,,,1,1,,,,,3,0,0,,,,2,1,0,,,,,,6,,,,,,,,,,,,,,,,,,,,
VCFC_169,VCF24A006,27-08-2024,01-09-2024,48.232858,16.290515,0,,,,,,,,9,3,,,,,0,0,0,,,1,12,4,0,,,,,,17,,,,,,,,Entomophtora muscae (mercatorumF),,,,,,,,,,,,
VCFC_170,VCF24A022,23-08-2024,01-09-2024,48.211826,16.392461,0,7,1,8,,,,,7,14,,,,,14,2,0,,,,21,3,0,,,,,,40,banana,,,,,,,,,,,,,,,,,,,
VCFC_171,VCF24A085,26-08-2024,02-09-2024,48.2236766,16.3742674,0,3,2,7,,,,,3,6,,,,,7,5,0,,,3,9,6,0,,,,,,30,apricot,,,,,,,,,,,,,,,,,,,
VCFC_172,?,?,02-09-2024,#N/A,#N/A,0,1,,1,,,,,3,,,,,,2,0,0,,,,3,2,0,,,,,,7,,,,,,,,,,,,,,,,,,,,
VCFC_173,VCF24A129,30-08-2024,02-09-2024,48.2217373,16.3723924,1,18,,13,,,2,,17,13,,,,,31,0,0,,,42,30,69,2,,,,,,174,banana,,,,,,,,,,,,,,,,,,,
VCFC_174,VCF24A010,26-08-2024,02-09-2024,48.1525687,16.3701174,0,6,,3,,,,,1,1,,,,,9,0,0,,,,2,1,0,,,,,,12,,Falle 1,,,,,,,Larven enthalten,,,,,,,,,,,
VCFC_175,VCF24A010,26-08-2024,02-09-2024,48.1525687,16.3701174,0,,1,,2,2,,,,,,,,,0,1,4,,1,,0,,0,,10,,,"25 Käfer, 3 Scharbenlarve, 2 fliegende Ameisen, 1 Fliege",16,,Falle 2,,,,,phalerata ,,,,,,,,,,,,,
VCFC_176,VCF24A014,21-08-2024,02-09-2024,48.252675,16.338313,0,1,,,,,,,3,2,,,,,1,0,0,,,,5,1,0,,,,,,7,,,,,,,,,,,,,,,,,,,,
VCFC_177,VCF24A001,31-08-2024,02-09-2024,48.2909924,16.3305821,1,36,,33,,,,,54,35,,,,,69,0,0,,,,89,,0,,,,,,158,,,,,,,,,,,,,,,,,,,,
VCFC_178,VCF24A143,18-08-2024,05-09-2024,46.6177207,14.0412346,1,35,,55,,,,,10,9,,,,,90,0,0,,,2,19,3,0,,,,,,114,banana,,,,sehr trocken,,,,,,,,,,,,,,,
VCFC_179,VCF24A083,30-07-2024,05-08-2024,48.1973106,16.3854827,0,1,,,,,,,12,5,,,,,1,0,0,,,1,17,11,0,,,,,,30,,,,,,,,,,,,,,,,,,,,
VCFC_180,VCF24A127,31-08-2024,08-09-2024,48.2212779,16.3227521,0,,,,,,,1,5,5,,,,,0,0,0,,,,10,15,1,,,,,,26,banana,,,,,,,,,,,,,,,,,,,
VCFC_181,VCF24A149,02-09-2024,06-09-2024,48.165943,16.324441,0,,,,,,,,,1,,,,,0,0,0,,,,1,,0,,,,,,1,,,,,,,,,,,,,,,,,,,,
VCFC_182,VCF24A010,02-09-2024,09-09-2024,48.1525687,16.3701174,0,5,7,16,7,1,,,,,,,,,12,16,8,,2,,0,,0,1,3,,,"9 Glanzkäfer, 1 Fliege",42,,Falle 2,,,,,phalerata und 2? ,"cf. phalerata sehr zerbrochen, ein phalerata riesig und ohne sichtbare Analplatte",,,,,,,,,,,,
VCFC_183,VCF24A010,02-09-2024,09-09-2024,48.1525687,16.3701174,0,5,,10,,,1,2,1,1,,,,,15,0,0,,,,2,6,3,,,,,,26,,Falle 1,,,,,,,,,,,,,,,,,,
VCFC_184,VCF24A009,31-08-2024,07-09-2024,48.4338949,16.47867438604694,1,24,,30,,,,,,5,,,,,54,0,0,,,2,5,,0,,,,,,61,,,,,,,,,,,,,,,,,,,,
VCFC_185,VCF24A009,31-08-2024,07-09-2024,48.4338949,16.47867438604694,1,17,3,38,,,,,2,2,,,,,49,9,0,,,2,4,,0,,,,,,64,,,,,,,1 simulansM ,,,,,,,,,,,,,
VCFC_186,VCF24A147,22-08-2024,29-08-2024,46.6406261,13.8918321,1,76,7,107,,,,,6,4,,,,,174,16,0,,,11,10,,0,,,,,"1 Glanzkäfer, 1 Ameise",211,,,,,,,hydei und 1 simulansM ,,,,,,,,,,,,,
VCFC_187,VCF24A141,?,11-08-2024,48.215696,16.389651,0,6,,4,,,,,11,6,,,,,10,0,0,,,,17,2,0,,,,,,29,,,,,,,,,,,,,,,,,,,,
VCFC_188,VCF24A021,?,11-08-2024,48.207718,16.229537,0,3,1,8,,,,,4,1,,,,,9,3,0,1,,1,5,,0,,,,,1 Fliege,19,,,,,,,,,,,,,,,,,,,,
VCFC_189,VCF24A014,04-09-2024,11-09-2024,48.252675,16.338313,0,2,,,,,,,20,19,,,,,2,0,0,,,,39,8,0,,,,,,49,,,,,,,,,,,,,,,,,,,,
VCFC_190,?,?,19-07-2024,#N/A,#N/A,1,23,,34,,,1,,3,,,,,,57,0,0,,,1,3,3,1,,,,,,65,,,,von einer Dame gebracht,,,,,,,,,,,,,,,,
VCFC_191,?,?,?-07-2024,#N/A,#N/A,0,,24,30,,,,,,,,,,,0,54,0,,,4,0,,0,,,,,1 Glanzkäfer,58,,,,,,,,,,,,,,,,,,,,
VCFC_192,VCF24A149,?,13-09-2024,48.165943,16.324441,0,,,1,,,,,1,1,,,,,0,0,0,,,1,2,2,0,,,,,,6,,,,,,,,,,,,,,,,,,,,
VCFC_193,VCF24A141,31-08-2024,11-09-2024,48.215696,16.389651,0,11,6,10,,,,,2,,,,,,17,10,0,,,1,2,,0,,,,,,30,,,,,,,,,Larven enthalten,,,,,,,,,,,
VCFC_194,VCF24A143,05-09-2024,13-09-2024,46.6177207,14.0412346,0,1,,1,,,,,21,28,,,,,2,0,0,,,,49,,0,,,,,,51,,,,,,,,,,,,,,,,,,,,
VCFC_195,VCF24A129,07-09-2024,13-09-2024,48.2217373,16.3723924,0,4,,1,,,,,16,9,,,,,5,0,0,,,4,25,33,0,,,,,1 Milbe,67,,,,,,,,,,,,,,,,,,,,
VCFC_196,VCF24A025,13-09-2024,16-09-2024,48.255813,16.419907,1,319,,374,,,,,2,1,,,,,693,0,0,,,,3,,0,,,,,1 fliegende Ameise,696,,,,,,,,,,,,,,,,,,,,
VCFC_197,VCF24A010,09-09-2024,16-09-2024,48.1525687,16.3701174,0,,2,4,,,,,,,,,,,0,6,0,,,,0,,0,,,,,"4 Käfer, 1?",6,"banana, apple",,,,,,1?,,,,,,,,,,,,,
VCFC_198,VCF24A010,09-09-2024,16-09-2024,48.1525687,16.3701174,0,1,,2,,,,,4,1,,,,,3,0,0,,,,5,1,0,,,,,,9,,Falle 2,,,,,,,,,,,,,,,,,,
VCFC_199,VCF24A146,01-09-2024,16-09-2024,48.202099,16.343202,0,3,,2,,,1,,24,11,,,,,5,0,0,,,8,35,4,1,,,,,,53,,Falle 1,,,,,,,,,,,,,,,,,,
VCFC_200,VCF24A142,02-09-2024,17-09-2024,48.251925,16.320591,0,,1,,,,,,8,7,,,,,0,1,0,,,,15,,0,,,,,,16,banana,,,,,,,,,,,,,,,,,,,
VCFC_201,VCF24A014,10-09-2024,17-09-2024,48.252675,16.338313,0,,,,,,,,4,7,,,,,0,0,0,,,,11,9,0,,,,,,20,banana,,,,,,,,,,,,,,,,,,,
VCFC_202,VCF24A005,15-09-2024,19-09-2024,48.202186,16.295935,0,2,,3,,,,,9,3,,,,,5,0,0,,,,12,14,0,,,,,,31,banana,,,,,,,,,,,,,,,,,,,
VCFC_203,VCF24A025,16-09-2024,19-09-2024,48.255813,16.419907,1,126,,149,,,,,,,,,,,275,0,0,,,,0,,0,,,,,,275,,,,,,,,,,,,,,,,,,,,
VCFC_204,VCF24A001,20-09-2024,22-09-2024,48.2909924,16.3305821,0,10,,12,,,,,43,12,,,,,22,0,0,,,,55,,0,,,,,,77,banana/lemon,kitchen,,,,,,,,,,,,,,,,,,
VCFC_205,VCF24A010,16-09-2024,23-09-2024,48.1525687,16.3701174,0,3,,1,,,,,1,,,,,,4,0,0,,,,1,,0,,,,,,5,banana,1,,,,,,,,,,,,,,,,,,
VCFC_206,VCF24A010,16-09-2024,23-09-2024,48.1525687,16.3701174,0,,7,7,,,,,,,,,,,0,14,0,,,,0,,0,2,1,,,,17,banana,2,,,,,,,,,,,,,,,,,,
VCFC_207,VCF24A054,13-09-2024,22-09-2024,48.238611,16.38297,0,1,,1,,,,,16,3,,,,,2,0,0,,,,19,69,0,,,,,2 Fliege,90,,,,,sehr trocken,,,,,,,,,,,,,,,
VCFC_208,VCF24A019,13-09-2024,20-09-2024,48.2072188,16.375974405836836,0,,,,,,,,,1,,,,,0,0,0,,,,1,,0,,,,,,1,,,,,,,,,,,,,,,,,,,,
VCFC_209,VCF24A147,09-09-2024,16-09-2024,46.6406261,13.8918321,1,113,7,146,,,,,6,2,,,,,250,16,0,,,6,8,,0,1,,,,2 Melanogaster mit Milbe,281,,,,,,,"1 dmelM, 1 immigrans",,,,,,,,,,,,,
VCFC_210,VCF24A005,20-09-2024,27-09-2024,48.202186,16.295935,0,,,,,,,,9,5,,,,,0,0,0,,,,14,5,0,,,,,,19,banana,,,,,,,,,,,,,,,,,,,
VCFC_211,VCF24A128,20-09-2024,26-09-2024,48.207303,16.526469,0,1,1,,,,,,,,,,,,1,1,0,,,1,0,1,0,,,,,,4,banana,,,,,,,,,,,,,,,,,,,
VCFC_212,VCF24A014,18-09-2024,25-09-2024,48.252675,16.338313,0,2,,2,,,,,4,1,,,,,4,0,0,,,1,5,2,0,,,,,,12,,,,,,,,,,,,,,,,,,,,
VCFC_213,?,20-09-2024,25-09-2024,48.1942056,16.356745,0,,,,,,,,2,,,,,,0,0,0,,,,2,1,0,,,,,1 Milbe,3,,,,Rüdigergasse 1050,,,,,,,,,,,,,,,,
VCFC_214,VCF24A149,16-09-2024,23-09-2024,48.165943,16.324441,0,,,,,,,,,1,,,,,0,0,0,,,,1,2,0,,,,,,3,,,,,,,,von schwarzen Schimmelpilzsporen überzogen,,,,,,,,,,,,
VCFC_215,VCF24A133,21-09-2024,28-09-2024,48.2450494,16.3722084,0,4,,3,,,,,1,1,,,,,7,0,0,,,,2,,0,,,,,,9,,,,,,,,,,,,,,,,,,,,
VCFC_216,VCF24A022,21-09-2024,29-09-2024,48.211826,16.392461,0,,,,,,,,9,7,,,,,0,0,0,,,1,16,5,0,,,,,,22,,,,,,,,,,,,,,,,,,,,
VCFC_217,VCF24A010,23-09-2024,30-09-2024,48.1525687,16.3701174,0,,3,1,,2,,,,,,,,,0,4,2,,,,0,,0,,,,,,6,,Falle 2,,,,,,,,,,,,,,,,,,
VCFC_218,VCF24A010,23-09-2024,30-09-2024,48.1525687,16.3701174,0,3,3,3,,,,,2,1,,,,,5,5,0,,,,3,,0,,,,,,12,,Falle 1,,,,,,,,,,,,,,,,,,
VCFC_219,VCF24A019,24-09-2024,30-09-2024,48.2072188,16.375974405836836,0,2,,2,,,,,,,,,,,4,0,0,,,,0,,0,,,,,,4,,,,,,,,,,,,,,,,,,,,
VCFC_220,VCF24A149,24-09-2024,01-10-2024,48.165943,16.324441,0,,,,,,,,,,,,,,0,0,0,,,,0,5,0,,,,,,5,,,,,,,,,,,,,,,,,,,,
VCFC_221,VCF24A003,27-08-2024,05-09-2024,48.24752,16.439,0,,,,,,,,2,1,,,,,0,0,0,,,,3,,0,,,,,,3,,,,,yes,,,,,,,,,,,,,,,
VCFC_222,VCF24A004,26-09-2024,29-09-2024,48.226805999999996,16.164931898476908,0,4,,7,,,,,9,2,,,,,11,0,0,,,,11,3,0,,,,,,25,,,,,,,,,,,,,,,,,,,,
VCFC_223,VCF24A014,25-09-2024,02-10-2024,48.252675,16.338313,0,2,,4,,,,,7,7,,,,,6,0,0,,,,14,1,0,,,,,,21,,,,,,,,,,,,,,,,,,,,
VCFC_224,VCF24A129,27-09-2024,02-10-2024,48.2217373,16.3723924,0,4,,4,,,2,,11,7,,,,,8,0,0,,,1,18,14,2,,,,,,43,,,,,,,,,,,,,,,,,,,,
VCFC_225,VCF24A001,02-10-2024,04-10-2024,48.2909924,16.3305821,1,28,1,45,,,,,16,5,,,,,71,3,0,,,,21,,0,,,,,14 Milben,95,orange,,,,,,,"Milben ""verseuchteste"" Probe",,,,,,,,,,,,
VCFC_226,VCF24A055,29-09-2024,06-10-2024,48.26137,16.384091,1,18,,15,1,,,1,2,1,,,,,33,0,1,,,4,3,5,1,,,,,1 Fliege,47,banana,,,,,,,,beinhaltet Larven,,,,,,,,,,,
VCFC_227,VCF24A054,26-09-2024,06-10-2024,48.238611,16.38297,0,14,,14,,,,,16,8,,,,,28,0,0,,,5,24,49,0,,,,,3 Fliegen,106,banana,,,,sehr trocken,,,,,,,,,,,,,,,
VCFC_228,VCF24A131,15-07-2024,04-10-2024,48.210122,16.412825,0,,,,,,,,2,2,,,,,0,0,0,,,2,4,10,0,,,,,,16,,,,,trocken,,,,,,,,,,,,,,,
VCFC_229,VCF24A160,02-10-2024,07-10-2024,48.3427,16.40195,0,7,,12,,,,,2,1,,,,,19,0,0,,,,3,,0,,,,,,22,plum,,,,,,1 dmelM,,,,,,,,,,,,,
VCFC_230,VCF24A067,?,08-10-2024,48.296142,16.564001,0,,,,,,,,8,8,,,,,0,0,0,,,,16,7,0,,,,,,23,,,,,trocken,,,,,,,,,,,,,,,
VCFC_231,VCF24A009,03-10-2024,09-10-2024,48.4338949,16.47867438604694,1,21,4,23,,,,,9,12,,,,,40,8,0,,,1,21,,0,,,,,,70,,,,,,,,,,,,,,,,,,,,
VCFC_232,VCF24A009,05-10-2024,09-10-2024,48.4338949,16.47867438604694,0,12,4,15,,,,,11,5,,,,,23,8,0,,,,16,,0,,,,,,47,,,,,,,,,,,,,,,,,,,,
VCFC_233,VCF24A159,07-10-2024,11-10-2024,48.23098,16.46349,0,5,,1,,,,,,,,,,,6,0,0,,,,0,,0,,,,,,6,apple,,,,,,,,,,,,,,,,,,,
VCFC_234,VCF24A157,10-10-2024,10-10-2024,48.17803,16.27124,0,,,,,,,,2,1,,,,,0,0,0,,,,3,14,0,,,,,,17,grapes,kitchen,,,,,,,,,,,,,,,,,,
VCFC_235,VCF24M010,12-10-2024,12-10-2024,48.26103,16.338216,0,1,4,7,,,,,,,,,,,2,10,0,,,1,0,,0,,,,,1?,13,,,,"Haufen groß, alt",,,1? ,,,,,,,,,,,,,
VCFC_236,VCF24M010,12-10-2024,12-10-2024,48.26103,16.338216,1,43,9,52,,,,,,,,,,,86,18,0,,,,0,,0,,,,,,104,,,,Haufen kleiner,,,,,,,,,,,,,,,,
VCFC_237,VCF24M011,12-10-2024,12-10-2024,48.254046,16.31076,1,30,13,56,,,,,,,,,,,69,30,0,,,,0,,0,,,4,,,103,,,,,,,1 subobscuraM,,,,,,,,,,,,,
VCFC_238,VCF24A163,11-10-2024,13-10-2024,48.2938722,16.3245931,0,3,,3,,,,,4,2,,,,,6,0,0,,,,6,,0,,,,,,12,pear,,,,,,,,,,,,,,,,,,,
VCFC_239,VCF24A084,07-10-2024,13-10-2024,48.29387095,16.295270350000003,1,61,2,62,,,,,4,2,,,,,121,4,0,,,1,6,1,0,,,,,,133,"Qitte, grape, lemon, Banane",,,,,,,,,,,,,,,,,,,
VCFC_240,VCF24A004,09-10-2024,13-10-2024,48.226805999999996,16.164931898476908,0,2,,6,,,,,,1,,,,,8,0,0,,,,1,,0,,,,,,9,Mandarine,,,,,,,,,,,,,,,,,,,
VCFC_241,VCF24A019,04-10-2024,12-10-2024,48.2072188,16.375974405836836,0,,,1,,,,1,,1,,,,,0,0,0,,,,1,,1,,,,,,3,,,,,,,,,,,,,,,,,,,,
VCFC_242,VCF24A091,10-10-2024,13-10-2024,48.187254,16.349366,0,,,,,,,,14,12,,,,,0,0,0,,,,26,5,0,,,,,,31,,,,,,,,,,,,,,,,,,,,
VCFC_243,VCF24A142,25-09-2024,13-10-2024,48.251925,16.320591,0,2,,,,,,,4,6,,,,,2,0,0,,,,10,1,0,,,,,,13,,,,,,,,,,,,,,,,,,,,
VCFC_244,VCF24A149,10-10-2024,13-10-2024,48.165943,16.324441,0,,,,,,,,1,1,,,,,0,0,0,,,,2,1,0,,,,,,3,,,,,,,,,,,,,,,,,,,,
VCFC_245,VCF24A006,11-10-2024,11-10-2024,48.232858,16.290515,0,,,1,,,,,,,,,,,0,0,0,,,,0,1,0,,,,,,2,,,,,,,,,,,,,,,,,,,,
VCFC_246,VCF24A080,07-10-2024,15-10-2024,48.222543,16.328819,0,4,,3,,,,,2,,,,,,7,0,0,,,1,2,16,0,,,,,,26,,,,,,,,,,,,,,,,,,,,
VCFC_247,VCF24A030,10-10-2024,15-10-2024,48.1882827,16.3054565,0,1,,,,,,,2,3,,,,,1,0,0,,,,5,2,0,,,,,1?,8,,,,,,,1?,,,,,,,,,,,,,
VCFC_248,VCF24A128,09-10-2024,15-10-2024,48.207303,16.526469,0,3,,3,,,,,,,,,,,6,0,0,,,,0,,0,,,,,,6,,,,,,,,,,,,,,,,,,,,
VCFC_249,VCF24A066,?,15-10-2024,48.2015272,16.3908343,0,3,8,9,,,,,,1,,,,,5,15,0,,,,1,,0,,,,,,21,lemon,,,,,,,,,,,,,,,,,,,
VCFC_250,VCF24A162,10-10-2024,16-10-2024,48.1935351,16.3693088,0,2,,1,,,,,10,4,,,,,3,0,0,,,3,14,,0,,,,,,20,birne,,,,,,,,,,,,,,,,,,,
VCFC_251,VCF24A010,08-10-2024,15-10-2024,48.1525687,16.3701174,0,4,,12,,,,,,,,,,,16,0,0,,,,0,,0,,,,,,16,banana,,,,,,,,,,,,,,,,,,,
VCFC_252,VCF24A082,13-10-2024,14-10-2024,48.3017437,15.896341592421017,1,102,,194,,,,,2,,,,,,296,0,0,,,1,2,,0,,,,,,299,,,,,,,,,,,,,,,,,,,,
VCFC_253,VCF24A128,?,21-10-2024,48.207303,16.526469,0,7,,,,,,,,,,,,,7,0,0,,,,0,,0,,,,,,7,,,,"sattmann, essling, 1220 wien",,,,,,,,,,,,,,,,
VCFC_254,VCF24A005,12-10-2024,22-10-2024,48.202186,16.295935,0,,,,,,,,3,1,,,,,0,0,0,,,,4,16,0,,,,,,20,plum,,,,,,,,,,,,,,,,,,,
VCFC_255,VCF24A084,13-10-2024,17-10-2024,48.29387095,16.295270350000003,1,49,2,61,,,,,2,4,,,,,108,4,0,,,,6,,0,,,,,,118,,,,,,,,,,,,,,,,,,,,
VCFC_256,VCF24A157,10-10-2024,22-10-2024,48.17803,16.27124,0,,,,,,,,,,,,,,0,0,0,,,,0,24,0,,,,,,24,grape,,,"pail markus, jagdschlossgasse 44, 1130 Wien, ",,,,,yes,,,,,,,,,,,
VCFC_257,VCF24A010,15-10-2024,22-10-2024,48.1525687,16.3701174,0,,1,,2,,,,,,,,,,0,1,2,,,,0,,0,,,,,,3,banana,2,,,,,,,,,,,,,,,,,,
VCFC_258,VCF24A010,15-10-2024,22-10-2024,48.1525687,16.3701174,0,12,,10,,,,,,1,,,,,22,0,0,,,,1,,0,,,,,,23,banana,1,,,,,,,,,,,,,,,,,,
VCFC_259,VCF24A155,20-10-2024,22-10-2024,48.28229,15.71151,1,116,,104,,,,,3,3,,,,,220,0,0,,,3,6,1,0,,,,,,230,lemon,,,,,,"1 dmelM, 1 repleta",Entomophtora muscae,,,,,,,,,,,,
VCFC_260,VCF24A014,10-10-2024,23-10-2024,48.252675,16.338313,0,1,,2,,,,,1,,,,,,3,0,0,,,,1,,0,,,,,,4,banana,,,,,,,,,,,,,,,,,,,
VCFC_261,VCF24A149,14-10-2024,26-10-2024,48.165943,16.324441,0,4,,3,,,,,2,,,,,,7,0,0,,,,2,,0,,,,,,9,,,,"am Kabelwerk 5, 1120 Wien, 3. Stock",,,,,,,,,,,,,,,,
VCFC_262,VCF24A005,21-10-2024,28-10-2024,48.202186,16.295935,0,,,,,,,,1,4,,,,,0,0,0,,,,5,22,0,,,,,,27,strawberry,,,,,,,,,,,,,,,,,,,
VCFC_263,VCF24A035,20-10-2024,27-10-2024,48.1564925,16.283393810137852,1,29,,30,,,,,3,1,,,,,59,0,0,,,,4,,0,,,,,,63,,Haus,,,,,,,,,,,,,,,,,,
VCFC_264,VCF24A035,20-10-2024,27-10-2024,48.1564925,16.283393810137852,0,4,6,6,,6,,1,,,,,,,6,10,6,,,,0,,1,,,,,"5 Glanzkäfer, 1 Käfer",23,,Garten,,,,,,ein suzukiiW sehr dunkel,,,,,,,,,,,,
VCFC_265,VCF24A010,22-10-2024,30-10-2024,48.1525687,16.3701174,1,18,1,13,,,,,,,,,,,30,2,0,,,,0,2,0,,,,,,34,banana,1,,,,,,,yes,,,,,,,,,,,
VCFC_266,VCF24A161,20-10-2024,29-10-2024,48.201737,16.389169,0,12,,5,,,,,,,,,,,17,0,0,,,,0,,0,,,,,,17,plum,,,,,,,,yes,,,,,,,,,,,
VCFC_267,VCF24A028,09-10-2024,30-10-2024,48.083889,16.28351,1,17,,8,,,,,,,,,,,25,0,0,,,,0,,0,,,,,,25,grape,,,"Kaminsky, Mödling",,,,viele Jungtiere,yes,,,,,,,,,,,
VCFC_268,VCF24A060,?,30-10-2024,48.2163425,16.3573787,0,6,,15,,,,,2,1,,,,,21,0,0,,,,3,,0,,,,,,24,"banana, lemon",,,"Fritz Schiemer, Ferstelgasse 6/18, 1090 Wien",,,,sehr schimmelig,,,,,,,,,,,,
VCFC_269,VCF24A014,?,31-10-2024,48.252675,16.338313,1,20,,6,,,,,2,,,,,,26,0,0,,,,2,,0,,,,,,28,banana,,,,,,,Entomophtora muscae (melanogasterM),,,,,,,,,,,,
VCFC_270,VCF24A019,15-10-2024,02-11-2024,48.2072188,16.375974405836836,0,,,,,,,,2,1,,,,,0,0,0,,,,3,,0,,,,,,3,orange,,,,,,,,,,,,,,,,,,,
VCFC_271,VCF24A147,03-10-2024,10-10-2024,46.6406261,13.8918321,1,78,2,138,,,,,4,1,,,,,213,5,0,,,,5,,0,,,,,1 Megaselia,223,,,,Vivi aus Kärten,,,1 mercatorum ,teilweise sehr dunkle DmelW,,,,,,,,,,,,
VCFC_272,CoordVorhanden,?,04-11-2024,48.4713164,15.9814074,1,59,,51,,,,1,6,3,,,,,110,0,0,,,5,9,3,1,,,,1,,129,,,,PLZ 3701,,,,"Entomophtora muscae, 1 dmelW hat weiße Augen",,,,,,,,,,,,
VCFC_273,VCF24A162,17-10-2024,05-11-2024,48.1935351,16.3693088,1,15,,17,,,,1,2,1,,,,,32,0,0,,,,3,2,1,,,,,,38,"banana, pear",,,,,,,,yes,,,,,,,,,,,
VCFC_274,VCF24A133,03-11-2024,06-11-2024,48.2450494,16.3722084,0,13,,20,,,,,,,,,,,33,0,0,,,1,0,3,0,,,,,,37,grape,,,,,,,einige Exemplare zerdrückt,,,,,,,,,,,,
VCFC_275,VCF24A010,30-10-2024,05-10-2024,48.1525687,16.3701174,0,5,,6,,,,,,,,,,,11,0,0,,,,0,,0,,,,,,11,banana,1,,,,,,,,,,,,,,,,,,
VCFC_276,VCF24A010,30-10-2024,05-10-2024,48.1525687,16.3701174,0,,,,,,,,,,,,,,0,0,0,,,,0,,0,,,,,1 Glanzkäfer,0,banana,2,,,,,,,,,,,,,,,,,,
VCFC_277,?,04-11-2024,07-11-2024,#N/A,#N/A,0,,,,,,,,2,2,,,,,0,0,0,,,,4,,0,,,,,1?,4,,,,Alexssandro Camarlo ?,,,,,,,,,,,,,,,,
VCFC_278,VCF24A005,?,08-10-2024,48.202186,16.295935,0,,,1,,,,,,,,,,,0,0,0,,,,0,7,0,,,,,,8,banana,,,,,,,,,,,,,,,,,,,
VCFC_279,VCF24A001,07-11-2024,11-11-2024,48.2909924,16.3305821,1,102,,79,,,,,36,50,,,,,181,0,0,,,1,86,13,0,,,,,,281,"lemon, apple",,,,,,,Entomophtora muscae (melanogasterM),,,,,,,,,,,,
VCFC_280,VCF24A003,21-10-2024,02-11-2024,48.24752,16.439,0,8,,8,,,,,,,,,,,16,0,0,,,,0,,0,,,,,,16,apple,,,,,,,,,,,,,,,,,,,
VCFC_281,?,?,?,#N/A,#N/A,0,,,,,,,,8,6,,,,,0,0,0,,,,14,2,0,,,,,,16,banana,,,,,,,,yes,,,,,,,,,,,
VCFC_282,VCF24A014,30-10-2024,07-11-2024,48.252675,16.338313,0,12,,7,,,,,,,,,,,19,0,0,,,,0,,0,,,,,,19,apple,,,,,,,Entomophtora muscae (melanogasterM & W),,,,,,,,,,,,
VCFC_283,VCF24A010,06-11-2024,14-11-2024,48.1525687,16.3701174,0,,,2,,,,,,,,,,,0,0,0,,,,0,,0,,,,,,2,banana,Falle 1,,,,,,,yes,,,,,,,,,,,
VCFC_284,VCF24A010,06-11-2024,14-11-2024,48.1525687,16.3701174,0,,,1,3,,,,,,,,,,0,0,3,,,,0,,0,1,,,,,5,banana,Falle 2,,,,,,,,,,,,,,,,,,
VCFC_285,VCF24A005,08-11-2024,19-11-2024,48.202186,16.295935,0,,,,,,,,2,3,,,,,0,0,0,,,,5,6,0,,,,,,11,"blueberries, apricot",,,,,,,,,,,,,,,,,,,
VCFC_286,VCF24A149,23-10-2024,20-11-2024,48.165943,16.324441,0,,,,,,,,,,,,,,0,0,0,,,,0,,0,,,,,Schlupfwespe?,0,orange,,,am kabelwerk,,,,,,,,,,,,,,,,
VCFC_287,VCF24A167,?,25-11-2024,48.217357,16.331486,0,,,,,,,,2,3,,,,,0,0,0,,,,5,,0,,,,,,5,banana,,,keine weiteren infos,,,,,,,,,,,,,,,,
VCFC_288,VCF24A084,04-11-2024,10-11-2024,48.29387095,16.295270350000003,1,96,2,102,,,,,8,2,,,,,196,4,0,,,1,10,1,0,2,,,,,214,,,,,,,,,,,,,,,,,,,,
VCFC_289,VCF24A168,?,03-12-2024,48.20604711,16.3591487,0,,,,,,,,,,,,31,43,0,0,0,,,,0,,0,,,,74,1?,74,fruit juice,,,,,,,,yes,,,,,,,,,,,
VCFC_290,VCF24A004,27-10-2024,31-10-2024,48.226805999999996,16.164931898476908,0,,,4,,,,,,,2,1,,,0,0,0,,,,0,3,0,,,,,,7,,,,,,,,,,,,,,,,,,,,
,,,,,,0,,,,,,,,,,,,,,0,0,0,,,,0,,0,,,,,,0,,,,,,,,,,,,,,,,,,,,
,,,,,,0,,,,,,,,,,,,,,0,0,0,,,,0,,0,,,,,,0,,,,,,,,,,,,,,,,,,,,
,,,,,,0,,,,,,,,,,,,,,0,0,0,,,,0,,0,,,,,,0,,,,,,,,,,,,,,,,,,,,
,,,,,,0,,,,,,,,,,,,,,0,0,0,,,,0,,0,,,,,,0,,,,,,,,,,,,,,,,,,,,
,,,,,,0,,,,,,,,,,,,,,0,0,0,,,,0,,0,,,,,,0,,,,,,,,,,,,,,,,,,,,
,,,,,,0,,,,,,,,,,,,,,0,0,0,,,,0,,0,,,,,,0,,,,,,,,,,,,,,,,,,,,
,,,,,,0,,,,,,,,,,,,,,0,0,0,,,,0,,0,,,,,,0,,,,,,,,,,,,,,,,,,,,
,,,,,,0,,,,,,,,,,,,,,0,0,0,,,,0,,0,,,,,,0,,,,,,,,,,,,,,,,,,,,
,,,,,,0,,,,,,,,,,,,,,0,0,0,,,,0,,0,,,,,,0,,,,,,,,,,,,,,,,,,,,
,,,,,,0,,,,,,,,,,,,,,0,0,0,,,,0,,0,,,,,,0,,,,,,,,,,,,,,,,,,,,
,,,,,,0,,,,,,,,,,,,,,0,0,0,,,,0,,0,,,,,,0,,,,,,,,,,,,,,,,,,,,
,,,,,,0,,,,,,,,,,,,,,0,0,0,,,,0,,0,,,,,,0,,,,,,,,,,,,,,,,,,,,
,,,,,,0,,,,,,,,,,,,,,0,0,0,,,,0,,0,,,,,,0,,,,,,,,,,,,,,,,,,,,
,,,,,,0,,,,,,,,,,,,,,0,0,0,,,,0,,0,,,,,,0,,,,,,,,,,,,,,,,,,,,
,,,,,,0,,,,,,,,,,,,,,0,0,0,,,,0,,0,,,,,,0,,,,,,,,,,,,,,,,,,,,
,,,,,,0,,,,,,,,,,,,,,0,0,0,,,,0,,0,,,,,,0,,,,,,,,,,,,,,,,,,,,
,,,,,,0,,,,,,,,,,,,,,0,0,0,,,,0,,0,,,,,,0,,,,,,,,,,,,,,,,,,,,
,,,,,,0,,,,,,,,,,,,,,0,0,0,,,,0,,0,,,,,,0,,,,,,,,,,,,,,,,,,,,
,,,,,,0,,,,,,,,,,,,,,,0,0,,,,0,,0,,,,,,0,,,,,,,,,,,,,,,,,,,,
,,,,,,0,,,,,,,,,,,,,,,,0,,,,0,,0,,,,,,0,,,,,,,,,,,,,,,,,,,,
,,,,,,0,,,,,,,,,,,,,,,,0,,,,0,,0,,,,,,0,,,,,,,,,,,,,,,,,,,,
,,,,,,0,,,,,,,,,,,,,,,,0,,,,0,,0,,,,,,0,,,,,,,,,,,,,,,,,,,,
,,,,,,0,,,,,,,,,,,,,,,,0,,,,0,,0,,,,,,,,,,,,,,,,,,,,,,,,,,
,,,,,,0,,,,,,,,,,,,,,,,0,,,,0,,0,,,,,,,,,,,,,,,,,,,,,,,,,,
,,,,,,0,,,,,,,,,,,,,,,,0,,,,0,,0,,,,,,,,,,,,,,,,,,,,,,,,,,
,,,,,,0,,,,,,,,,,,,,,,,0,,,,0,,0,,,,,,,,,,,,,,,,,,,,,,,,,,
,,,,,,0,,,,,,,,,,,,,,,,0,,,,0,,0,,,,,,,,,,,,,,,,,,,,,,,,,,
,,,,,,0,,,,,,,,,,,,,,,,0,,,,0,,0,,,,,,,,,,,,,,,,,,,,,,,,,,
,,,,,,0,,,,,,,,,,,,,,,,0,,,,0,,0,,,,,,,,,,,,,,,,,,,,,,,,,,
,,,,,,,,,,,,,,,,,,,,,,,,,,0,,0,,,,,,,,,,,,,,,,,,,,,,,,,,
,,,,,,,,,,,,,,,,,,,,,,,,,,0,,0,,,,,,,,,,,,,,,,,,,,,,,,,,
,,,,,,,,,,,,,,,,,,,,,,,,,,0,,0,,,,,,,,,,,,,,,,,,,,,,,,,,
,,,,,,,,,,,,,,,,,,,,,,,,,,0,,0,,,,,,,,,,,,,,,,,,,,,,,,,,
,,,,,,,,,,,,,,,,,,,,,,,,,,0,,0,,,,,,,,,,,,,,,,,,,,,,,,,,
,,,,,,,,,,,,,,,,,,,,,,,,,,0,,0,,,,,,,,,,,,,,,,,,,,,,,,,,
,,,,,,,,,,,,,,,,,,,,,,,,,,0,,0,,,,,,,,,,,,,,,,,,,,,,,,,,
,,,,,,,,,,,,,,,,,,,,,,,,,,0,,0,,,,,,,,,,,,,,,,,,,,,,,,,,
,,,,,,,,,,,,,,,,,,,,,,,,,,0,,0,,,,,,,,,,,,,,,,,,,,,,,,,,
,,,,,,,,,,,,,,,,,,,,,,,,,,0,,0,,,,,,,,,,,,,,,,,,,,,,,,,,
,,,,,,,,,,,,,,,,,,,,,,,,,,0,,0,,,,,,,,,,,,,,,,,,,,,,,,,,
,,,,,,,,,,,,,,,,,,,,,,,,,,0,,0,,,,,,,,,,,,,,,,,,,,,,,,,,
,,,,,,,,,,,,,,,,,,,,,,,,,,0,,0,,,,,,,,,,,,,,,,,,,,,,,,,,
,,,,,,,,,,,,,,,,,,,,,,,,,,0,,0,,,,,,,,,,,,,,,,,,,,,,,,,,
,,,,,,,,,,,,,,,,,,,,,,,,,,0,,0,,,,,,,,,,,,,,,,,,,,,,,,,,
,,,,,,,,,,,,,,,,,,,,,,,,,,0,,0,,,,,,,,,,,,,,,,,,,,,,,,,,
,,,,,,,,,,,,,,,,,,,,,,,,,,0,,0,,,,,,,,,,,,,,,,,,,,,,,,,,